review_id,product_name,product_category,source,source_url,review_title,review_text,rating,review_date,verified_purchase,helpful_votes,ingestion_timestamp,data_mode,original_review_text,cleaned_review_text,character_count,word_count,sentence_count,exclamation_count,question_count,uppercase_ratio,has_url,has_repeated_punctuation,review_year,review_month,review_quarter,rating_group
DEMO-00001,UltraClean Noise-Cancelling Headphones,Electronics,Demo Dataset,https://example.com/demo-review-data,Mediocre experience,"Regarding this UltraClean Noise-Cancelling Headphones, flimsy construction and frustrating ergonomics. It technically works, but is unpleasant to use regularly. [Ref: ID-1]",2,2026-02-11,False,0,2026-09-14T10:00:00Z,DEMO,"Regarding this UltraClean Noise-Cancelling Headphones, flimsy construction and frustrating ergonomics. It technically works, but is unpleasant to use regularly. [Ref: ID-1]","Regarding this UltraClean Noise-Cancelling Headphones, flimsy construction and frustrating ergonomics. It technically works, but is unpleasant to use regularly. [Ref: ID-1]",172,21,3,0,0,0.0704,False,False,2026,2,1,Negative
DEMO-00002,AromaBreeze Stainless Steel Espresso Maker,Home and Kitchen,Demo Dataset,https://example.com/demo-review-data,Difficult setup but great once working,"Purchased the AromaBreeze Stainless Steel Espresso Maker recently after comparing several options, customer service was unhelpful and instructions were missing, but once I finally got it configured, performance was outstanding. [Ref: ID-2]",4,2025-10-05,True,0,2026-09-14T10:00:00Z,DEMO,"Purchased the AromaBreeze Stainless Steel Espresso Maker recently after comparing several options, customer service was unhelpful and instructions were missing, but once I finally got it configured, performance was outstanding. [Ref: ID-2]","Purchased the AromaBreeze Stainless Steel Espresso Maker recently after comparing several options, customer service was unhelpful and instructions were missing, but once I finally got it configured, performance was outstanding. [Ref: ID-2]",239,32,2,0,0,0.0553,False,False,2025,10,4,Positive
DEMO-00003,TrailBlazer Lightweight Trekking Poles,Sports and Outdoors,Demo Dataset,https://example.com/demo-review-data,Dependable and practical,"We needed a reliable solution and chose the TrailBlazer Lightweight Trekking Poles, and works as expected with consistent results. A slight learning curve at first, but smooth sailing afterwards. [Ref: ID-3]",4,2025-11-11,False,4,2026-09-14T10:00:00Z,DEMO,"We needed a reliable solution and chose the TrailBlazer Lightweight Trekking Poles, and works as expected with consistent results. A slight learning curve at first, but smooth sailing afterwards. [Ref: ID-3]","We needed a reliable solution and chose the TrailBlazer Lightweight Trekking Poles, and works as expected with consistent results. A slight learning curve at first, but smooth sailing afterwards. [Ref: ID-3]",207,31,3,0,0,0.0595,False,False,2025,11,4,Positive
DEMO-00004,UltraClean Noise-Cancelling Headphones,Electronics,Demo Dataset,https://example.com/demo-review-data,Very solid product with minor flaws,"Regarding this UltraClean Noise-Cancelling Headphones, it performs well for day-to-day tasks. The build is respectable, although the included instructions could have been slightly clearer. [Ref: ID-4]",4,2025-08-25,True,0,2026-09-14T10:00:00Z,DEMO,"Regarding this UltraClean Noise-Cancelling Headphones, it performs well for day-to-day tasks. The build is respectable, although the included instructions could have been slightly clearer. [Ref: ID-4]","Regarding this UltraClean Noise-Cancelling Headphones, it performs well for day-to-day tasks. The build is respectable, although the included instructions could have been slightly clearer. [Ref: ID-4]",200,26,3,0,0,0.0613,False,False,2025,8,3,Positive
DEMO-00005,PureAir HEPA Room Air Purifier,Home and Kitchen,Demo Dataset,https://example.com/demo-review-data,Somewhat underwhelming,Here is my honest take on the PureAir HEPA Room Air Purifier: I had higher hopes based on online claims. The performance is sluggish and build quality feels rather cheap for the price tag. [Ref: ID-5],2,2025-06-30,True,8,2026-09-14T10:00:00Z,DEMO,Here is my honest take on the PureAir HEPA Room Air Purifier: I had higher hopes based on online claims. The performance is sluggish and build quality feels rather cheap for the price tag. [Ref: ID-5],Here is my honest take on the PureAir HEPA Room Air Purifier: I had higher hopes based on online claims. The performance is sluggish and build quality feels rather cheap for the price tag. [Ref: ID-5],200,36,3,0,0,0.0955,False,False,2025,6,2,Negative
DEMO-00006,PureAir HEPA Room Air Purifier,Home and Kitchen,Demo Dataset,https://example.com/demo-review-data,,"Regarding this PureAir HEPA Room Air Purifier, terrible quality control. Began overheating immediately and made strange noises. Disgraceful standard. [Ref: ID-6]",1,2026-01-28,True,0,2026-09-14T10:00:00Z,DEMO,"Regarding this PureAir HEPA Room Air Purifier, terrible quality control. Began overheating immediately and made strange noises. Disgraceful standard. [Ref: ID-6]","Regarding this PureAir HEPA Room Air Purifier, terrible quality control. Began overheating immediately and made strange noises. Disgraceful standard. [Ref: ID-6]",161,21,4,0,0,0.1136,False,False,2026,1,1,Negative
DEMO-00007,Designing Data-Intensive Applications,Books,Demo Dataset,https://example.com/demo-review-data,Satisfied with this buy,"I have been testing this Designing Data-Intensive Applications for several weeks now and good functionality and nice aesthetic. A few minor plastic components, but functionally it works very well. [Ref: ID-7]",4,2025-11-09,True,3,2026-09-14T10:00:00Z,DEMO,"I have been testing this Designing Data-Intensive Applications for several weeks now and good functionality and nice aesthetic. A few minor plastic components, but functionally it works very well. [Ref: ID-7]","I have been testing this Designing Data-Intensive Applications for several weeks now and good functionality and nice aesthetic. A few minor plastic components, but functionally it works very well. [Ref: ID-7]",208,31,3,0,0,0.0533,False,False,2025,11,4,Positive
DEMO-00008,PureAir HEPA Room Air Purifier,Home and Kitchen,Demo Dataset,https://example.com/demo-review-data,"Loved the design, hated the durability","Having ordered the PureAir HEPA Room Air Purifier last month, looks gorgeous on my counter and received compliments, but unfortunately it broke down after only three weeks of light use. [Ref: ID-8]",2,2025-02-10,True,1,2026-09-14T10:00:00Z,DEMO,"Having ordered the PureAir HEPA Room Air Purifier last month, looks gorgeous on my counter and received compliments, but unfortunately it broke down after only three weeks of light use. [Ref: ID-8]","Having ordered the PureAir HEPA Room Air Purifier last month, looks gorgeous on my counter and received compliments, but unfortunately it broke down after only three weeks of light use. [Ref: ID-8]",197,32,2,0,0,0.0823,False,False,2025,2,1,Negative
DEMO-00009,HydraGlow Hyaluronic Acid Facial Serum,Beauty and Personal Care,Demo Dataset,https://example.com/demo-review-data,Best purchase of the year,"Having ordered the HydraGlow Hyaluronic Acid Facial Serum last month, it delivers flawless performance and is worth every single penny. It feels sturdy, elegant, and genuinely works as advertised. 10/10! [Ref: ID-9]",5,2025-10-19,True,0,2026-09-14T10:00:00Z,DEMO,"Having ordered the HydraGlow Hyaluronic Acid Facial Serum last month, it delivers flawless performance and is worth every single penny. It feels sturdy, elegant, and genuinely works as advertised. 10/10! [Ref: ID-9]","Having ordered the HydraGlow Hyaluronic Acid Facial Serum last month, it delivers flawless performance and is worth every single penny. It feels sturdy, elegant, and genuinely works as advertised. 10/10! [Ref: ID-9]",215,32,4,1,0,0.0655,False,False,2025,10,4,Positive
DEMO-00010,UltraClean Noise-Cancelling Headphones,Electronics,Demo Dataset,https://example.com/demo-review-data,Ordinary product without highlights,"Purchased the UltraClean Noise-Cancelling Headphones recently after comparing several options, does what it says on the box. No major competitive advantages and no catastrophic failures either. [Ref: ID-10]",3,2025-04-02,True,2,2026-09-14T10:00:00Z,DEMO,"Purchased the UltraClean Noise-Cancelling Headphones recently after comparing several options, does what it says on the box. No major competitive advantages and no catastrophic failures either. [Ref: ID-10]","Purchased the UltraClean Noise-Cancelling Headphones recently after comparing several options, does what it says on the box. No major competitive advantages and no catastrophic failures either. [Ref: ID-10]",206,28,3,0,0,0.0592,False,False,2025,4,2,Neutral
DEMO-00011,SilkTouch Ceramic Hair Straightener,Beauty and Personal Care,Demo Dataset,https://example.com/demo-review-data,Delighted with this purchase!,"My hands-on experience with the SilkTouch Ceramic Hair Straightener shows that smooth operation, gorgeous finish, and effortless usability. Will definitely be purchasing more from this line. [Ref: ID-11]",5,2026-04-20,True,0,2026-09-14T10:00:00Z,DEMO,"My hands-on experience with the SilkTouch Ceramic Hair Straightener shows that smooth operation, gorgeous finish, and effortless usability. Will definitely be purchasing more from this line. [Ref: ID-11]","My hands-on experience with the SilkTouch Ceramic Hair Straightener shows that smooth operation, gorgeous finish, and effortless usability. Will definitely be purchasing more from this line. [Ref: ID-11]",203,28,3,0,0,0.0606,False,False,2026,4,2,Positive
DEMO-00012,Vision4K Smart Streaming Dongle,Electronics,Demo Dataset,https://example.com/demo-review-data,Ordinary product without highlights,Here is my honest take on the Vision4K Smart Streaming Dongle: does what it says on the box. No major competitive advantages and no catastrophic failures either. [Ref: ID-12],3,2026-05-29,True,0,2026-09-14T10:00:00Z,DEMO,Here is my honest take on the Vision4K Smart Streaming Dongle: does what it says on the box. No major competitive advantages and no catastrophic failures either. [Ref: ID-12],Here is my honest take on the Vision4K Smart Streaming Dongle: does what it says on the box. No major competitive advantages and no catastrophic failures either. [Ref: ID-12],174,29,3,0,0,0.0735,False,False,2026,5,2,Neutral
DEMO-00013,ProGamer Wireless Mechanical Keyboard,Electronics,Demo Dataset,https://example.com/demo-review-data,,"Here is my honest take on the ProGamer Wireless Mechanical Keyboard: it completely exceeded every expectation. Superb craftsmanship, lightning-fast setup, and premium durability. Highly recommend to everyone! [Ref: ID-13]",5,2026-05-08,True,3,2026-09-14T10:00:00Z,DEMO,"Here is my honest take on the ProGamer Wireless Mechanical Keyboard: it completely exceeded every expectation. Superb craftsmanship, lightning-fast setup, and premium durability. Highly recommend to everyone! [Ref: ID-13]","Here is my honest take on the ProGamer Wireless Mechanical Keyboard: it completely exceeded every expectation. Superb craftsmanship, lightning-fast setup, and premium durability. Highly recommend to everyone! [Ref: ID-13]",221,29,4,1,0,0.0611,False,False,2026,5,2,Positive
DEMO-00014,Botanical Herbals Rejuvenating Night Cream,Beauty and Personal Care,Demo Dataset,https://example.com/demo-review-data,Dependable and practical,"Having ordered the Botanical Herbals Rejuvenating Night Cream last month, works as expected with consistent results. A slight learning curve at first, but smooth sailing afterwards. [Ref: ID-14]",4,2026-05-02,True,0,2026-09-14T10:00:00Z,DEMO,"Having ordered the Botanical Herbals Rejuvenating Night Cream last month, works as expected with consistent results. A slight learning curve at first, but smooth sailing afterwards. [Ref: ID-14]","Having ordered the Botanical Herbals Rejuvenating Night Cream last month, works as expected with consistent results. A slight learning curve at first, but smooth sailing afterwards. [Ref: ID-14]",194,28,3,0,0,0.0637,False,False,2026,5,2,Positive
DEMO-00015,TrailBlazer Lightweight Trekking Poles,Sports and Outdoors,Demo Dataset,https://example.com/demo-review-data,Absolutely phenomenal quality!,"I have been testing this TrailBlazer Lightweight Trekking Poles for several weeks now and it completely exceeded every expectation. Superb craftsmanship, lightning-fast setup, and premium durability. Highly recommend to everyone! [Ref: ID-15]",5,2025-10-05,True,3,2026-09-14T10:00:00Z,DEMO,"I have been testing this TrailBlazer Lightweight Trekking Poles for several weeks now and it completely exceeded every expectation. Superb craftsmanship, lightning-fast setup, and premium durability. Highly recommend to everyone! [Ref: ID-15]","I have been testing this TrailBlazer Lightweight Trekking Poles for several weeks now and it completely exceeded every expectation. Superb craftsmanship, lightning-fast setup, and premium durability. Highly recommend to everyone! [Ref: ID-15]",242,32,4,1,0,0.0553,False,False,2025,10,4,Positive
DEMO-00017,ProGamer Wireless Mechanical Keyboard,Electronics,Demo Dataset,https://example.com/demo-review-data,Outstanding build and reliability,"To be completely honest about the ProGamer Wireless Mechanical Keyboard, the attention to detail is truly impressive. Works brilliantly right out of the box and has made a noticeable improvement in our routine. [Ref: ID-17]",5,2025-08-11,True,4,2026-09-14T10:00:00Z,DEMO,"To be completely honest about the ProGamer Wireless Mechanical Keyboard, the attention to detail is truly impressive. Works brilliantly right out of the box and has made a noticeable improvement in our routine. [Ref: ID-17]","To be completely honest about the ProGamer Wireless Mechanical Keyboard, the attention to detail is truly impressive. Works brilliantly right out of the box and has made a noticeable improvement in our routine. [Ref: ID-17]",223,35,3,0,0,0.0556,False,False,2025,8,3,Positive
DEMO-00018,HydraGlow Hyaluronic Acid Facial Serum,Beauty and Personal Care,Demo Dataset,https://example.com/demo-review-data,Outstanding build and reliability,"Having ordered the HydraGlow Hyaluronic Acid Facial Serum last month, the attention to detail is truly impressive. Works brilliantly right out of the box and has made a noticeable improvement in our routine. [Ref: ID-18]",5,2025-10-04,True,0,2026-09-14T10:00:00Z,DEMO,"Having ordered the HydraGlow Hyaluronic Acid Facial Serum last month, the attention to detail is truly impressive. Works brilliantly right out of the box and has made a noticeable improvement in our routine. [Ref: ID-18]","Having ordered the HydraGlow Hyaluronic Acid Facial Serum last month, the attention to detail is truly impressive. Works brilliantly right out of the box and has made a noticeable improvement in our routine. [Ref: ID-18]",220,35,3,0,0,0.0621,False,False,2025,10,4,Positive
DEMO-00019,PureAir HEPA Room Air Purifier,Home and Kitchen,Demo Dataset,https://example.com/demo-review-data,Outstanding build and reliability,"After reading mixed feedback online, I tried the PureAir HEPA Room Air Purifier and the attention to detail is truly impressive. Works brilliantly right out of the box and has made a noticeable improvement in our routine. [Ref: ID-19]",5,2025-10-02,True,2,2026-09-14T10:00:00Z,DEMO,"After reading mixed feedback online, I tried the PureAir HEPA Room Air Purifier and the attention to detail is truly impressive. Works brilliantly right out of the box and has made a noticeable improvement in our routine. [Ref: ID-19]","After reading mixed feedback online, I tried the PureAir HEPA Room Air Purifier and the attention to detail is truly impressive. Works brilliantly right out of the box and has made a noticeable improvement in our routine. [Ref: ID-19]",234,39,3,0,0,0.0802,False,False,2025,10,4,Positive
DEMO-00020,Vision4K Smart Streaming Dongle,Electronics,Demo Dataset,https://example.com/demo-review-data,Good quality for the price,Here is my honest take on the Vision4K Smart Streaming Dongle: the materials feel decent and it does its job smoothly. Delivery was fast and packaging was secure. Overall quite satisfied. [Ref: ID-20],4,2026-02-16,True,0,2026-09-14T10:00:00Z,DEMO,Here is my honest take on the Vision4K Smart Streaming Dongle: the materials feel decent and it does its job smoothly. Delivery was fast and packaging was secure. Overall quite satisfied. [Ref: ID-20],Here is my honest take on the Vision4K Smart Streaming Dongle: the materials feel decent and it does its job smoothly. Delivery was fast and packaging was secure. Overall quite satisfied. [Ref: ID-20],200,33,4,0,0,0.0701,False,False,2026,2,1,Positive
DEMO-00021,AromaBreeze Stainless Steel Espresso Maker,Home and Kitchen,Demo Dataset,https://example.com/demo-review-data,Exceptional value and engineering,"We needed a reliable solution and chose the AromaBreeze Stainless Steel Espresso Maker, and incredible reliability and fantastic support. You will certainly not regret buying this. Truly top tier in its category. [Ref: ID-21]",5,2025-03-19,True,0,2026-09-14T10:00:00Z,DEMO,"We needed a reliable solution and chose the AromaBreeze Stainless Steel Espresso Maker, and incredible reliability and fantastic support. You will certainly not regret buying this. Truly top tier in its category. [Ref: ID-21]","We needed a reliable solution and chose the AromaBreeze Stainless Steel Espresso Maker, and incredible reliability and fantastic support. You will certainly not regret buying this. Truly top tier in its category. [Ref: ID-21]",225,34,4,0,0,0.0659,False,False,2025,3,1,Positive
DEMO-00022,Botanical Herbals Rejuvenating Night Cream,Beauty and Personal Care,Demo Dataset,https://example.com/demo-review-data,Dependable and practical,"Regarding this Botanical Herbals Rejuvenating Night Cream, works as expected with consistent results. A slight learning curve at first, but smooth sailing afterwards. [Ref: ID-22]",4,2025-03-10,True,1,2026-09-14T10:00:00Z,DEMO,"Regarding this Botanical Herbals Rejuvenating Night Cream, works as expected with consistent results. A slight learning curve at first, but smooth sailing afterwards. [Ref: ID-22]","Regarding this Botanical Herbals Rejuvenating Night Cream, works as expected with consistent results. A slight learning curve at first, but smooth sailing afterwards. [Ref: ID-22]",179,25,3,0,0,0.069,False,False,2025,3,1,Positive
DEMO-00023,HydraGlow Hyaluronic Acid Facial Serum,Beauty and Personal Care,Demo Dataset,https://example.com/demo-review-data,,I have been testing this HydraGlow Hyaluronic Acid Facial Serum for several weeks now and the materials feel decent and it does its job smoothly. Delivery was fast and packaging was secure. Overall quite satisfied. [Ref: ID-23],4,2025-06-07,True,0,2026-09-14T10:00:00Z,DEMO,I have been testing this HydraGlow Hyaluronic Acid Facial Serum for several weeks now and the materials feel decent and it does its job smoothly. Delivery was fast and packaging was secure. Overall quite satisfied. [Ref: ID-23],I have been testing this HydraGlow Hyaluronic Acid Facial Serum for several weeks now and the materials feel decent and it does its job smoothly. Delivery was fast and packaging was secure. Overall quite satisfied. [Ref: ID-23],227,37,4,0,0,0.0659,False,False,2025,6,2,Positive
DEMO-00024,SilkTouch Ceramic Hair Straightener,Beauty and Personal Care,Demo Dataset,https://example.com/demo-review-data,Outstanding build and reliability,"Purchased the SilkTouch Ceramic Hair Straightener recently after comparing several options, the attention to detail is truly impressive. Works brilliantly right out of the box and has made a noticeable improvement in our routine. [Ref: ID-24]",5,2025-07-14,False,2,2026-09-14T10:00:00Z,DEMO,"Purchased the SilkTouch Ceramic Hair Straightener recently after comparing several options, the attention to detail is truly impressive. Works brilliantly right out of the box and has made a noticeable improvement in our routine. [Ref: ID-24]","Purchased the SilkTouch Ceramic Hair Straightener recently after comparing several options, the attention to detail is truly impressive. Works brilliantly right out of the box and has made a noticeable improvement in our routine. [Ref: ID-24]",242,36,3,0,0,0.0505,False,False,2025,7,3,Positive
DEMO-00025,PureAir HEPA Room Air Purifier,Home and Kitchen,Demo Dataset,https://example.com/demo-review-data,Outstanding build and reliability,"   Regarding this PureAir HE    PA Room Air Purifier, the attention to detail is truly impressive. Works brilliantly right out of the box and has made a noticeable improvement in our routine. [Ref: ID-25]   ",5,2026-04-18,True,1,2026-09-14T10:00:00Z,DEMO,"   Regarding this PureAir HE    PA Room Air Purifier, the attention to detail is truly impressive. Works brilliantly right out of the box and has made a noticeable improvement in our routine. [Ref: ID-25]   ","Regarding this PureAir HE PA Room Air Purifier, the attention to detail is truly impressive. Works brilliantly right out of the box and has made a noticeable improvement in our routine. [Ref: ID-25]",198,33,3,0,0,0.0892,False,False,2026,4,2,Positive
DEMO-00026,The Pragmatic Programmer: 20th Anniversary,Books,Demo Dataset,https://example.com/demo-review-data,Exceptional value and engineering,"After extensive daily use of the The Pragmatic Programmer: 20th Anniversary, incredible reliability and fantastic support. You will certainly not regret buying this. Truly top tier in its category. [Ref: ID-26]",5,2026-08-19,True,1,2026-09-14T10:00:00Z,DEMO,"After extensive daily use of the The Pragmatic Programmer: 20th Anniversary, incredible reliability and fantastic support. You will certainly not regret buying this. Truly top tier in its category. [Ref: ID-26]","After extensive daily use of the The Pragmatic Programmer: 20th Anniversary, incredible reliability and fantastic support. You will certainly not regret buying this. Truly top tier in its category. [Ref: ID-26]",210,31,4,0,0,0.0599,False,False,2026,8,3,Positive
DEMO-00027,HydraGlow Hyaluronic Acid Facial Serum,Beauty and Personal Care,Demo Dataset,https://example.com/demo-review-data,Best purchase of the year,"After reading mixed feedback online, I tried the HydraGlow Hyaluronic Acid Facial Serum and it delivers flawless performance and is worth every single penny. It feels sturdy, elegant, and genuinely works as advertised. 10/10! [Ref: ID-27]",5,2026-03-23,True,0,2026-09-14T10:00:00Z,DEMO,"After reading mixed feedback online, I tried the HydraGlow Hyaluronic Acid Facial Serum and it delivers flawless performance and is worth every single penny. It feels sturdy, elegant, and genuinely works as advertised. 10/10! [Ref: ID-27]","After reading mixed feedback online, I tried the HydraGlow Hyaluronic Acid Facial Serum and it delivers flawless performance and is worth every single penny. It feels sturdy, elegant, and genuinely works as advertised. 10/10! [Ref: ID-27]",238,36,4,1,0,0.0645,False,False,2026,3,1,Positive
DEMO-00028,HydroFlow Insulated Stainless Water Bottle,Sports and Outdoors,Demo Dataset,https://example.com/demo-review-data,Mediocre experience,"After reading mixed feedback online, I tried the HydroFlow Insulated Stainless Water Bottle and flimsy construction and frustrating ergonomics. It technically works, but is unpleasant to use regularly. [Ref: ID-28]",2,2025-07-17,True,1,2026-09-14T10:00:00Z,DEMO,"After reading mixed feedback online, I tried the HydroFlow Insulated Stainless Water Bottle and flimsy construction and frustrating ergonomics. It technically works, but is unpleasant to use regularly. [Ref: ID-28]","After reading mixed feedback online, I tried the HydroFlow Insulated Stainless Water Bottle and flimsy construction and frustrating ergonomics. It technically works, but is unpleasant to use regularly. [Ref: ID-28]",214,30,3,0,0,0.0686,False,False,2025,7,3,Negative
DEMO-00029,ApexFit Resistance Band Training Set,Sports and Outdoors,Demo Dataset,https://example.com/demo-review-data,Ordinary product without highlights,"Having ordered the ApexFit Resistance Band Training Set last month, does what it says on the box. No major competitive advantages and no catastrophic failures either. [Ref: ID-29]",3,2025-04-09,True,0,2026-09-14T10:00:00Z,DEMO,"Having ordered the ApexFit Resistance Band Training Set last month, does what it says on the box. No major competitive advantages and no catastrophic failures either. [Ref: ID-29]","Having ordered the ApexFit Resistance Band Training Set last month, does what it says on the box. No major competitive advantages and no catastrophic failures either. [Ref: ID-29]",179,28,3,0,0,0.0769,False,False,2025,4,2,Neutral
DEMO-00030,AromaBreeze Stainless Steel Espresso Maker,Home and Kitchen,Demo Dataset,https://example.com/demo-review-data,Dependable and practical,"<div><b>Dependable and practical</b>: To be completely honest about the AromaBreeze Stainless Steel Espresso Maker, works as expected with consistent results. A slight learning curve at first, but smooth sailing afterwards. [Ref: ID-30] <br/><span>Verified buyer.</span></div>",4,2025-12-31,True,0,2026-09-14T10:00:00Z,DEMO,"<div><b>Dependable and practical</b>: To be completely honest about the AromaBreeze Stainless Steel Espresso Maker, works as expected with consistent results. A slight learning curve at first, but smooth sailing afterwards. [Ref: ID-30] <br/><span>Verified buyer.</span></div>","Dependable and practical : To be completely honest about the AromaBreeze Stainless Steel Espresso Maker, works as expected with consistent results. A slight learning curve at first, but smooth sailing afterwards. [Ref: ID-30] Verified buyer.",241,35,3,0,0,0.061,False,False,2025,12,4,Positive
DEMO-00031,UltraClean Noise-Cancelling Headphones,Electronics,Demo Dataset,https://example.com/demo-review-data,Absolutely phenomenal quality!,"After extensive daily use of the UltraClean Noise-Cancelling Headphones, it completely exceeded every expectation. Superb craftsmanship, lightning-fast setup, and premium durability. Highly recommend to everyone! [Ref: ID-31]",5,2026-02-25,True,0,2026-09-14T10:00:00Z,DEMO,"After extensive daily use of the UltraClean Noise-Cancelling Headphones, it completely exceeded every expectation. Superb craftsmanship, lightning-fast setup, and premium durability. Highly recommend to everyone! [Ref: ID-31]","After extensive daily use of the UltraClean Noise-Cancelling Headphones, it completely exceeded every expectation. Superb craftsmanship, lightning-fast setup, and premium durability. Highly recommend to everyone! [Ref: ID-31]",225,27,4,1,0,0.0595,False,False,2026,2,1,Positive
DEMO-00032,PureAir HEPA Room Air Purifier,Home and Kitchen,Demo Dataset,https://example.com/demo-review-data,Unusable and frustrating,I took a chance on the PureAir HEPA Room Air Purifier and terrible quality control. Began overheating immediately and made strange noises. Disgraceful standard. [Ref: ID-32],1,2025-03-18,True,2,2026-09-14T10:00:00Z,DEMO,I took a chance on the PureAir HEPA Room Air Purifier and terrible quality control. Began overheating immediately and made strange noises. Disgraceful standard. [Ref: ID-32],I took a chance on the PureAir HEPA Room Air Purifier and terrible quality control. Began overheating immediately and made strange noises. Disgraceful standard. [Ref: ID-32],173,26,4,0,0,0.1079,False,False,2025,3,1,Negative
DEMO-00033,ProGamer Wireless Mechanical Keyboard,Electronics,Demo Dataset,https://example.com/demo-review-data,Exceptional value and engineering,I took a chance on the ProGamer Wireless Mechanical Keyboard and incredible reliability and fantastic support. You will certainly not regret buying this. Truly top tier in its category. [Ref: ID-33],5,2025-04-15,True,0,2026-09-14T10:00:00Z,DEMO,I took a chance on the ProGamer Wireless Mechanical Keyboard and incredible reliability and fantastic support. You will certainly not regret buying this. Truly top tier in its category. [Ref: ID-33],I took a chance on the ProGamer Wireless Mechanical Keyboard and incredible reliability and fantastic support. You will certainly not regret buying this. Truly top tier in its category. [Ref: ID-33],198,31,4,0,0,0.0692,False,False,2025,4,2,Positive
DEMO-00034,Designing Data-Intensive Applications,Books,Demo Dataset,https://example.com/demo-review-data,Satisfied with this buy,"Here is my honest take on the Designing Data-Intensive Applications: good functionality and nice aesthetic. A few minor plastic components, but functionally it works very well. [Ref: ID-34]",4,2026-08-13,True,1,2026-09-14T10:00:00Z,DEMO,"Here is my honest take on the Designing Data-Intensive Applications: good functionality and nice aesthetic. A few minor plastic components, but functionally it works very well. [Ref: ID-34]","Here is my honest take on the Designing Data-Intensive Applications: good functionality and nice aesthetic. A few minor plastic components, but functionally it works very well. [Ref: ID-34]",189,28,3,0,0,0.0596,False,False,2026,8,3,Positive
DEMO-00035,Vision4K Smart Streaming Dongle,Electronics,Demo Dataset,https://example.com/demo-review-data,Very solid product with minor flaws,"Right out of the packaging, the Vision4K Smart Streaming Dongle it performs well for day-to-day tasks. The build is respectable, although the included instructions could have been slightly clearer. [Ref: ID-35]",4,2026-05-14,True,1,2026-09-14T10:00:00Z,DEMO,"Right out of the packaging, the Vision4K Smart Streaming Dongle it performs well for day-to-day tasks. The build is respectable, although the included instructions could have been slightly clearer. [Ref: ID-35]","Right out of the packaging, the Vision4K Smart Streaming Dongle it performs well for day-to-day tasks. The build is respectable, although the included instructions could have been slightly clearer. [Ref: ID-35]",210,31,3,0,0,0.0599,False,False,2026,5,2,Positive
DEMO-00036,ApexFit Resistance Band Training Set,Sports and Outdoors,Demo Dataset,https://example.com/demo-review-data,Outstanding build and reliability,"Purchased the ApexFit Resistance Band Training Set recently after comparing several options, the attention to detail is truly impressive. Works brilliantly right out of the box and has made a noticeable improvement in our routine. [Ref: ID-36]",5,2025-06-24,False,0,2026-09-14T10:00:00Z,DEMO,"Purchased the ApexFit Resistance Band Training Set recently after comparing several options, the attention to detail is truly impressive. Works brilliantly right out of the box and has made a noticeable improvement in our routine. [Ref: ID-36]","Purchased the ApexFit Resistance Band Training Set recently after comparing several options, the attention to detail is truly impressive. Works brilliantly right out of the box and has made a noticeable improvement in our routine. [Ref: ID-36]",243,37,3,0,0,0.0556,False,False,2025,6,2,Positive
DEMO-00037,SilkTouch Ceramic Hair Straightener,Beauty and Personal Care,Demo Dataset,https://example.com/demo-review-data,Good quality for the price,"To be completely honest about the SilkTouch Ceramic Hair Straightener, the materials feel decent and it does its job smoothly. Delivery was fast and packaging was secure. Overall quite satisfied. [Ref: ID-37]",4,2025-07-23,True,0,2026-09-14T10:00:00Z,DEMO,"To be completely honest about the SilkTouch Ceramic Hair Straightener, the materials feel decent and it does its job smoothly. Delivery was fast and packaging was secure. Overall quite satisfied. [Ref: ID-37]","To be completely honest about the SilkTouch Ceramic Hair Straightener, the materials feel decent and it does its job smoothly. Delivery was fast and packaging was secure. Overall quite satisfied. [Ref: ID-37]",208,32,4,0,0,0.0659,False,False,2025,7,3,Positive
DEMO-00038,Vision4K Smart Streaming Dongle,Electronics,Demo Dataset,https://example.com/demo-review-data,It is okay for the price,"Here is my honest take on the Vision4K Smart Streaming Dongle: the product arrived as described. It is okay for the price, though there are better alternatives if you spend slightly more. [Ref: ID-38]",3,2025-03-21,True,0,2026-09-14T10:00:00Z,DEMO,"Here is my honest take on the Vision4K Smart Streaming Dongle: the product arrived as described. It is okay for the price, though there are better alternatives if you spend slightly more. [Ref: ID-38]","Here is my honest take on the Vision4K Smart Streaming Dongle: the product arrived as described. It is okay for the price, though there are better alternatives if you spend slightly more. [Ref: ID-38]",200,34,3,0,0,0.0641,False,False,2025,3,1,Neutral
DEMO-00039,PureAir HEPA Room Air Purifier,Home and Kitchen,Demo Dataset,https://example.com/demo-review-data,Complete waste of money,"Right out of the packaging, the PureAir HEPA Room Air Purifier terrible product. It stopped working after one day and support was completely unhelpful. Avoid at all costs! [Ref: ID-39]",1,2026-08-23,True,1,2026-09-14T10:00:00Z,DEMO,"Right out of the packaging, the PureAir HEPA Room Air Purifier terrible product. It stopped working after one day and support was completely unhelpful. Avoid at all costs! [Ref: ID-39]","Right out of the packaging, the PureAir HEPA Room Air Purifier terrible product. It stopped working after one day and support was completely unhelpful. Avoid at all costs! [Ref: ID-39]",184,30,4,1,0,0.1034,False,False,2026,8,3,Negative
DEMO-00040,Botanical Herbals Rejuvenating Night Cream,Beauty and Personal Care,Demo Dataset,https://example.com/demo-review-data,Disappointing longevity,"After extensive daily use of the Botanical Herbals Rejuvenating Night Cream, worked fine for the first two weeks, then started showing signs of wear and inconsistent behavior. Not really worth the hassle. [Ref: ID-40] Check out specs at https://example.com/demo-review-data for more.",2,2025-06-02,True,7,2026-09-14T10:00:00Z,DEMO,"After extensive daily use of the Botanical Herbals Rejuvenating Night Cream, worked fine for the first two weeks, then started showing signs of wear and inconsistent behavior. Not really worth the hassle. [Ref: ID-40] Check out specs at https://example.com/demo-review-data for more.","After extensive daily use of the Botanical Herbals Rejuvenating Night Cream, worked fine for the first two weeks, then started showing signs of wear and inconsistent behavior. Not really worth the hassle. [Ref: ID-40] Check out specs at [URL] for more.",252,41,3,0,0,0.0489,True,False,2025,6,2,Negative
DEMO-00042,Vision4K Smart Streaming Dongle,Electronics,Demo Dataset,https://example.com/demo-review-data,Outstanding build and reliability,"To be completely honest about the Vision4K Smart Streaming Dongle, the attention to detail is truly impressive. Works brilliantly right out of the box and has made a noticeable improvement in our routine. [Ref: ID-42]",5,2025-11-20,True,5,2026-09-14T10:00:00Z,DEMO,"To be completely honest about the Vision4K Smart Streaming Dongle, the attention to detail is truly impressive. Works brilliantly right out of the box and has made a noticeable improvement in our routine. [Ref: ID-42]","To be completely honest about the Vision4K Smart Streaming Dongle, the attention to detail is truly impressive. Works brilliantly right out of the box and has made a noticeable improvement in our routine. [Ref: ID-42]",217,35,3,0,0,0.0578,False,False,2025,11,4,Positive
DEMO-00043,UltraClean Noise-Cancelling Headphones,Electronics,Demo Dataset,https://example.com/demo-review-data,Mediocre experience,"My hands-on experience with the UltraClean Noise-Cancelling Headphones shows that flimsy construction and frustrating ergonomics. It technically works, but is unpleasant to use regularly. [Ref: ID-43]",2,2026-06-06,False,0,2026-09-14T10:00:00Z,DEMO,"My hands-on experience with the UltraClean Noise-Cancelling Headphones shows that flimsy construction and frustrating ergonomics. It technically works, but is unpleasant to use regularly. [Ref: ID-43]","My hands-on experience with the UltraClean Noise-Cancelling Headphones shows that flimsy construction and frustrating ergonomics. It technically works, but is unpleasant to use regularly. [Ref: ID-43]",200,26,3,0,0,0.061,False,False,2026,6,2,Negative
DEMO-00044,AromaBreeze Stainless Steel Espresso Maker,Home and Kitchen,Demo Dataset,https://example.com/demo-review-data,Disappointing longevity,"I took a chance on the AromaBreeze Stainless Steel Espresso Maker and worked fine for the first two weeks, then started showing signs of wear and inconsistent behavior. Not really worth the hassle. [Ref: ID-44]",2,2026-07-03,True,0,2026-09-14T10:00:00Z,DEMO,"I took a chance on the AromaBreeze Stainless Steel Espresso Maker and worked fine for the first two weeks, then started showing signs of wear and inconsistent behavior. Not really worth the hassle. [Ref: ID-44]","I took a chance on the AromaBreeze Stainless Steel Espresso Maker and worked fine for the first two weeks, then started showing signs of wear and inconsistent behavior. Not really worth the hassle. [Ref: ID-44]",210,35,3,0,0,0.0659,False,False,2026,7,3,Negative
DEMO-00045,UltraClean Noise-Cancelling Headphones,Electronics,Demo Dataset,https://example.com/demo-review-data,Below average quality,"Purchased the UltraClean Noise-Cancelling Headphones recently after comparing several options, the finish peeled slightly and response times are slow. Would suggest looking at competitors instead. [Ref: ID-45]",2,2025-08-30,False,0,2026-09-14T10:00:00Z,DEMO,"Purchased the UltraClean Noise-Cancelling Headphones recently after comparing several options, the finish peeled slightly and response times are slow. Would suggest looking at competitors instead. [Ref: ID-45]","Purchased the UltraClean Noise-Cancelling Headphones recently after comparing several options, the finish peeled slightly and response times are slow. Would suggest looking at competitors instead. [Ref: ID-45]",209,27,3,0,0,0.0578,False,False,2025,8,3,Negative
DEMO-00046,TrailBlazer Lightweight Trekking Poles,Sports and Outdoors,Demo Dataset,https://example.com/demo-review-data,Best purchase of the year,"Right out of the packaging, the TrailBlazer Lightweight Trekking Poles it delivers flawless performance and is worth every single penny. It feels sturdy, elegant, and genuinely works as advertised. 10/10! [Ref: ID-46]",5,2025-06-21,False,0,2026-09-14T10:00:00Z,DEMO,"Right out of the packaging, the TrailBlazer Lightweight Trekking Poles it delivers flawless performance and is worth every single penny. It feels sturdy, elegant, and genuinely works as advertised. 10/10! [Ref: ID-46]","Right out of the packaging, the TrailBlazer Lightweight Trekking Poles it delivers flawless performance and is worth every single penny. It feels sturdy, elegant, and genuinely works as advertised. 10/10! [Ref: ID-46]",217,32,4,1,0,0.0592,False,False,2025,6,2,Positive
DEMO-00047,Designing Data-Intensive Applications,Books,Demo Dataset,https://example.com/demo-review-data,Best purchase of the year,"My hands-on experience with the Designing Data-Intensive Applications shows that it delivers flawless performance and is worth every single penny. It feels sturdy, elegant, and genuinely works as advertised. 10/10! [Ref: ID-47]",5,2025-08-23,False,0,2026-09-14T10:00:00Z,DEMO,"My hands-on experience with the Designing Data-Intensive Applications shows that it delivers flawless performance and is worth every single penny. It feels sturdy, elegant, and genuinely works as advertised. 10/10! [Ref: ID-47]","My hands-on experience with the Designing Data-Intensive Applications shows that it delivers flawless performance and is worth every single penny. It feels sturdy, elegant, and genuinely works as advertised. 10/10! [Ref: ID-47]",227,32,4,1,0,0.0506,False,False,2025,8,3,Positive
DEMO-00048,HydroFlow Insulated Stainless Water Bottle,Sports and Outdoors,Demo Dataset,https://example.com/demo-review-data,Exceptional value and engineering,"Regarding this HydroFlow Insulated Stainless Water Bottle, incredible reliability and fantastic support. You will certainly not regret buying this. Truly top tier in its category. [Ref: ID-48]",5,2026-01-09,True,1,2026-09-14T10:00:00Z,DEMO,"Regarding this HydroFlow Insulated Stainless Water Bottle, incredible reliability and fantastic support. You will certainly not regret buying this. Truly top tier in its category. [Ref: ID-48]","Regarding this HydroFlow Insulated Stainless Water Bottle, incredible reliability and fantastic support. You will certainly not regret buying this. Truly top tier in its category. [Ref: ID-48]",192,27,4,0,0,0.0769,False,False,2026,1,1,Positive
DEMO-00049,HydroFlow Insulated Stainless Water Bottle,Sports and Outdoors,Demo Dataset,https://example.com/demo-review-data,Best purchase of the year,"After reading mixed feedback online, I tried the HydroFlow Insulated Stainless Water Bottle and it delivers flawless performance and is worth every single penny. It feels sturdy, elegant, and genuinely works as advertised. 10/10! [Ref: ID-49]",5,2026-07-29,True,0,2026-09-14T10:00:00Z,DEMO,"After reading mixed feedback online, I tried the HydroFlow Insulated Stainless Water Bottle and it delivers flawless performance and is worth every single penny. It feels sturdy, elegant, and genuinely works as advertised. 10/10! [Ref: ID-49]","After reading mixed feedback online, I tried the HydroFlow Insulated Stainless Water Bottle and it delivers flawless performance and is worth every single penny. It feels sturdy, elegant, and genuinely works as advertised. 10/10! [Ref: ID-49]",242,36,4,1,0,0.0632,False,False,2026,7,3,Positive
DEMO-00050,SilkTouch Ceramic Hair Straightener,Beauty and Personal Care,Demo Dataset,https://example.com/demo-review-data,It is okay for the price,"   To be completely honest a    bout the SilkTouch Ceramic Hair Straightener, the product arrived as described. It is okay for the price, though there are better alternatives if you spend slightly more. [Ref: ID-50]   ",3,2025-01-23,True,2,2026-09-14T10:00:00Z,DEMO,"   To be completely honest a    bout the SilkTouch Ceramic Hair Straightener, the product arrived as described. It is okay for the price, though there are better alternatives if you spend slightly more. [Ref: ID-50]   ","To be completely honest a bout the SilkTouch Ceramic Hair Straightener, the product arrived as described. It is okay for the price, though there are better alternatives if you spend slightly more. [Ref: ID-50]",209,34,3,0,0,0.0602,False,False,2025,1,1,Neutral
DEMO-00051,ApexFit Resistance Band Training Set,Sports and Outdoors,Demo Dataset,https://example.com/demo-review-data,"Average, meets basic expectations","Regarding this ApexFit Resistance Band Training Set, it arrived in standard packaging on schedule. Neither particularly impressed nor disappointed. It functions normally. [Ref: ID-51]",3,2025-09-22,True,3,2026-09-14T10:00:00Z,DEMO,"Regarding this ApexFit Resistance Band Training Set, it arrived in standard packaging on schedule. Neither particularly impressed nor disappointed. It functions normally. [Ref: ID-51]","Regarding this ApexFit Resistance Band Training Set, it arrived in standard packaging on schedule. Neither particularly impressed nor disappointed. It functions normally. [Ref: ID-51]",183,24,4,0,0,0.08,False,False,2025,9,3,Neutral
DEMO-00052,AromaBreeze Stainless Steel Espresso Maker,Home and Kitchen,Demo Dataset,https://example.com/demo-review-data,Outstanding build and reliability,I have been testing this AromaBreeze Stainless Steel Espresso Maker for several weeks now and the attention to detail is truly impressive. Works brilliantly right out of the box and has made a noticeable improvement in our routine. [Ref: ID-52],5,2025-05-14,True,1,2026-09-14T10:00:00Z,DEMO,I have been testing this AromaBreeze Stainless Steel Espresso Maker for several weeks now and the attention to detail is truly impressive. Works brilliantly right out of the box and has made a noticeable improvement in our routine. [Ref: ID-52],I have been testing this AromaBreeze Stainless Steel Espresso Maker for several weeks now and the attention to detail is truly impressive. Works brilliantly right out of the box and has made a noticeable improvement in our routine. [Ref: ID-52],244,40,3,0,0,0.0558,False,False,2025,5,2,Positive
DEMO-00053,HydroFlow Insulated Stainless Water Bottle,Sports and Outdoors,Demo Dataset,https://example.com/demo-review-data,Best purchase of the year,"I took a chance on the HydroFlow Insulated Stainless Water Bottle and it delivers flawless performance and is worth every single penny. It feels sturdy, elegant, and genuinely works as advertised. 10/10! [Ref: ID-53]",5,2025-04-04,True,0,2026-09-14T10:00:00Z,DEMO,"I took a chance on the HydroFlow Insulated Stainless Water Bottle and it delivers flawless performance and is worth every single penny. It feels sturdy, elegant, and genuinely works as advertised. 10/10! [Ref: ID-53]","I took a chance on the HydroFlow Insulated Stainless Water Bottle and it delivers flawless performance and is worth every single penny. It feels sturdy, elegant, and genuinely works as advertised. 10/10! [Ref: ID-53]",216,34,4,1,0,0.0659,False,False,2025,4,2,Positive
DEMO-00054,AromaBreeze Stainless Steel Espresso Maker,Home and Kitchen,Demo Dataset,https://example.com/demo-review-data,Complete waste of money,"After reading mixed feedback online, I tried the AromaBreeze Stainless Steel Espresso Maker and terrible product. It stopped working after one day and support was completely unhelpful. Avoid at all costs! [Ref: ID-54]",1,2025-11-04,True,2,2026-09-14T10:00:00Z,DEMO,"After reading mixed feedback online, I tried the AromaBreeze Stainless Steel Espresso Maker and terrible product. It stopped working after one day and support was completely unhelpful. Avoid at all costs! [Ref: ID-54]","After reading mixed feedback online, I tried the AromaBreeze Stainless Steel Espresso Maker and terrible product. It stopped working after one day and support was completely unhelpful. Avoid at all costs! [Ref: ID-54]",217,33,4,1,0,0.0743,False,False,2025,11,4,Negative
DEMO-00055,UltraClean Noise-Cancelling Headphones,Electronics,Demo Dataset,https://example.com/demo-review-data,Absolutely phenomenal quality!,"I have been testing this UltraClean Noise-Cancelling Headphones for several weeks now and it completely exceeded every expectation. Superb craftsmanship, lightning-fast setup, and premium durability. Highly recommend to everyone! [Ref: ID-55]",5,2026-03-24,True,2,2026-09-14T10:00:00Z,DEMO,"I have been testing this UltraClean Noise-Cancelling Headphones for several weeks now and it completely exceeded every expectation. Superb craftsmanship, lightning-fast setup, and premium durability. Highly recommend to everyone! [Ref: ID-55]","I have been testing this UltraClean Noise-Cancelling Headphones for several weeks now and it completely exceeded every expectation. Superb craftsmanship, lightning-fast setup, and premium durability. Highly recommend to everyone! [Ref: ID-55]",242,31,4,1,0,0.0553,False,False,2026,3,1,Positive
DEMO-00057,Data Science from Scratch (2nd Edition),Books,Demo Dataset,https://example.com/demo-review-data,Delighted with this purchase!,"After extensive daily use of the Data Science from Scratch (2nd Edition), smooth operation, gorgeous finish, and effortless usability. Will definitely be purchasing more from this line. [Ref: ID-57]",5,2026-02-17,False,0,2026-09-14T10:00:00Z,DEMO,"After extensive daily use of the Data Science from Scratch (2nd Edition), smooth operation, gorgeous finish, and effortless usability. Will definitely be purchasing more from this line. [Ref: ID-57]","After extensive daily use of the Data Science from Scratch (2nd Edition), smooth operation, gorgeous finish, and effortless usability. Will definitely be purchasing more from this line. [Ref: ID-57]",198,29,3,0,0,0.0577,False,False,2026,2,1,Positive
DEMO-00058,HydroFlow Insulated Stainless Water Bottle,Sports and Outdoors,Demo Dataset,https://example.com/demo-review-data,Decent performance overall,"Regarding this HydroFlow Insulated Stainless Water Bottle, pleasantly surprised by how well it held up over a couple of weeks of daily usage. Would recommend for standard needs. [Ref: ID-58]",4,2025-03-21,True,2,2026-09-14T10:00:00Z,DEMO,"Regarding this HydroFlow Insulated Stainless Water Bottle, pleasantly surprised by how well it held up over a couple of weeks of daily usage. Would recommend for standard needs. [Ref: ID-58]","Regarding this HydroFlow Insulated Stainless Water Bottle, pleasantly surprised by how well it held up over a couple of weeks of daily usage. Would recommend for standard needs. [Ref: ID-58]",190,30,3,0,0,0.0724,False,False,2025,3,1,Positive
DEMO-00059,The Pragmatic Programmer: 20th Anniversary,Books,Demo Dataset,https://example.com/demo-review-data,Good quality for the price,"Purchased the The Pragmatic Programmer: 20th Anniversary recently after comparing several options, the materials feel decent and it does its job smoothly. Delivery was fast and packaging was secure. Overall quite satisfied. [Ref: ID-59]",4,2025-03-27,True,4,2026-09-14T10:00:00Z,DEMO,"Purchased the The Pragmatic Programmer: 20th Anniversary recently after comparing several options, the materials feel decent and it does its job smoothly. Delivery was fast and packaging was secure. Overall quite satisfied. [Ref: ID-59]","Purchased the The Pragmatic Programmer: 20th Anniversary recently after comparing several options, the materials feel decent and it does its job smoothly. Delivery was fast and packaging was secure. Overall quite satisfied. [Ref: ID-59]",236,34,4,0,0,0.0526,False,False,2025,3,1,Positive
DEMO-00060,Vision4K Smart Streaming Dongle,Electronics,Demo Dataset,https://example.com/demo-review-data,Decent performance overall,"<div><b>Decent performance overall</b>: Having ordered the Vision4K Smart Streaming Dongle last month, pleasantly surprised by how well it held up over a couple of weeks of daily usage. Would recommend for standard needs. [Ref: ID-60] <br/><span>Verified buyer.</span></div>",4,2025-08-27,True,0,2026-09-14T10:00:00Z,DEMO,"<div><b>Decent performance overall</b>: Having ordered the Vision4K Smart Streaming Dongle last month, pleasantly surprised by how well it held up over a couple of weeks of daily usage. Would recommend for standard needs. [Ref: ID-60] <br/><span>Verified buyer.</span></div>","Decent performance overall : Having ordered the Vision4K Smart Streaming Dongle last month, pleasantly surprised by how well it held up over a couple of weeks of daily usage. Would recommend for standard needs. [Ref: ID-60] Verified buyer.",239,38,3,0,0,0.0577,False,False,2025,8,3,Positive
DEMO-00061,The Pragmatic Programmer: 20th Anniversary,Books,Demo Dataset,https://example.com/demo-review-data,Below average quality,"After reading mixed feedback online, I tried the The Pragmatic Programmer: 20th Anniversary and the finish peeled slightly and response times are slow. Would suggest looking at competitors instead. [Ref: ID-61]",2,2026-06-03,True,0,2026-09-14T10:00:00Z,DEMO,"After reading mixed feedback online, I tried the The Pragmatic Programmer: 20th Anniversary and the finish peeled slightly and response times are slow. Would suggest looking at competitors instead. [Ref: ID-61]","After reading mixed feedback online, I tried the The Pragmatic Programmer: 20th Anniversary and the finish peeled slightly and response times are slow. Would suggest looking at competitors instead. [Ref: ID-61]",210,31,3,0,0,0.0595,False,False,2026,6,2,Negative
DEMO-00062,Vision4K Smart Streaming Dongle,Electronics,Demo Dataset,https://example.com/demo-review-data,"Average, meets basic expectations",I have been testing this Vision4K Smart Streaming Dongle for several weeks now and it arrived in standard packaging on schedule. Neither particularly impressed nor disappointed. It functions normally. [Ref: ID-62],3,2026-05-19,True,0,2026-09-14T10:00:00Z,DEMO,I have been testing this Vision4K Smart Streaming Dongle for several weeks now and it arrived in standard packaging on schedule. Neither particularly impressed nor disappointed. It functions normally. [Ref: ID-62],I have been testing this Vision4K Smart Streaming Dongle for several weeks now and it arrived in standard packaging on schedule. Neither particularly impressed nor disappointed. It functions normally. [Ref: ID-62],213,31,4,0,0,0.0636,False,False,2026,5,2,Neutral
DEMO-00063,Designing Data-Intensive Applications,Books,Demo Dataset,https://example.com/demo-review-data,Outstanding build and reliability,"Purchased the Designing Data-Intensive Applications recently after comparing several options, the attention to detail is truly impressive. Works brilliantly right out of the box and has made a noticeable improvement in our routine. [Ref: ID-63]",5,2026-07-18,True,0,2026-09-14T10:00:00Z,DEMO,"Purchased the Designing Data-Intensive Applications recently after comparing several options, the attention to detail is truly impressive. Works brilliantly right out of the box and has made a noticeable improvement in our routine. [Ref: ID-63]","Purchased the Designing Data-Intensive Applications recently after comparing several options, the attention to detail is truly impressive. Works brilliantly right out of the box and has made a noticeable improvement in our routine. [Ref: ID-63]",244,35,3,0,0,0.045,False,False,2026,7,3,Positive
DEMO-00064,AromaBreeze Stainless Steel Espresso Maker,Home and Kitchen,Demo Dataset,https://example.com/demo-review-data,Best purchase of the year,"Here is my honest take on the AromaBreeze Stainless Steel Espresso Maker: it delivers flawless performance and is worth every single penny. It feels sturdy, elegant, and genuinely works as advertised. 10/10! [Ref: ID-64]",5,2026-07-21,True,0,2026-09-14T10:00:00Z,DEMO,"Here is my honest take on the AromaBreeze Stainless Steel Espresso Maker: it delivers flawless performance and is worth every single penny. It feels sturdy, elegant, and genuinely works as advertised. 10/10! [Ref: ID-64]","Here is my honest take on the AromaBreeze Stainless Steel Espresso Maker: it delivers flawless performance and is worth every single penny. It feels sturdy, elegant, and genuinely works as advertised. 10/10! [Ref: ID-64]",220,34,4,1,0,0.0647,False,False,2026,7,3,Positive
DEMO-00065,Data Science from Scratch (2nd Edition),Books,Demo Dataset,https://example.com/demo-review-data,Exceptional value and engineering,"After extensive daily use of the Data Science from Scratch (2nd Edition), incredible reliability and fantastic support. You will certainly not regret buying this. Truly top tier in its category. [Ref: ID-65]",5,2025-05-11,True,2,2026-09-14T10:00:00Z,DEMO,"After extensive daily use of the Data Science from Scratch (2nd Edition), incredible reliability and fantastic support. You will certainly not regret buying this. Truly top tier in its category. [Ref: ID-65]","After extensive daily use of the Data Science from Scratch (2nd Edition), incredible reliability and fantastic support. You will certainly not regret buying this. Truly top tier in its category. [Ref: ID-65]",207,32,4,0,0,0.0613,False,False,2025,5,2,Positive
DEMO-00067,Designing Data-Intensive Applications,Books,Demo Dataset,https://example.com/demo-review-data,Somewhat underwhelming,I have been testing this Designing Data-Intensive Applications for several weeks now and I had higher hopes based on online claims. The performance is sluggish and build quality feels rather cheap for the price tag. [Ref: ID-67],2,2025-12-02,True,0,2026-09-14T10:00:00Z,DEMO,I have been testing this Designing Data-Intensive Applications for several weeks now and I had higher hopes based on online claims. The performance is sluggish and build quality feels rather cheap for the price tag. [Ref: ID-67],I have been testing this Designing Data-Intensive Applications for several weeks now and I had higher hopes based on online claims. The performance is sluggish and build quality feels rather cheap for the price tag. [Ref: ID-67],228,37,3,0,0,0.0546,False,False,2025,12,4,Negative
DEMO-00068,TrailBlazer Lightweight Trekking Poles,Sports and Outdoors,Demo Dataset,https://example.com/demo-review-data,Absolutely phenomenal quality!,"Regarding this TrailBlazer Lightweight Trekking Poles, it completely exceeded every expectation. Superb craftsmanship, lightning-fast setup, and premium durability. Highly recommend to everyone! [Ref: ID-68]",5,2025-02-10,True,0,2026-09-14T10:00:00Z,DEMO,"Regarding this TrailBlazer Lightweight Trekking Poles, it completely exceeded every expectation. Superb craftsmanship, lightning-fast setup, and premium durability. Highly recommend to everyone! [Ref: ID-68]","Regarding this TrailBlazer Lightweight Trekking Poles, it completely exceeded every expectation. Superb craftsmanship, lightning-fast setup, and premium durability. Highly recommend to everyone! [Ref: ID-68]",207,24,4,1,0,0.0643,False,False,2025,2,1,Positive
DEMO-00069,ChefMaster 8-Piece Japanese Knife Set,Home and Kitchen,Demo Dataset,https://example.com/demo-review-data,Decent performance overall,"To be completely honest about the ChefMaster 8-Piece Japanese Knife Set, pleasantly surprised by how well it held up over a couple of weeks of daily usage. Would recommend for standard needs. [Ref: ID-69]",4,2026-07-24,True,0,2026-09-14T10:00:00Z,DEMO,"To be completely honest about the ChefMaster 8-Piece Japanese Knife Set, pleasantly surprised by how well it held up over a couple of weeks of daily usage. Would recommend for standard needs. [Ref: ID-69]","To be completely honest about the ChefMaster 8-Piece Japanese Knife Set, pleasantly surprised by how well it held up over a couple of weeks of daily usage. Would recommend for standard needs. [Ref: ID-69]",204,34,3,0,0,0.0688,False,False,2026,7,3,Positive
DEMO-00070,ChefMaster 8-Piece Japanese Knife Set,Home and Kitchen,Demo Dataset,https://example.com/demo-review-data,Complete waste of money,"After extensive daily use of the ChefMaster 8-Piece Japanese Knife Set, terrible product. It stopped working after one day and support was completely unhelpful. Avoid at all costs! [Ref: ID-70]",1,2025-11-25,True,5,2026-09-14T10:00:00Z,DEMO,"After extensive daily use of the ChefMaster 8-Piece Japanese Knife Set, terrible product. It stopped working after one day and support was completely unhelpful. Avoid at all costs! [Ref: ID-70]","After extensive daily use of the ChefMaster 8-Piece Japanese Knife Set, terrible product. It stopped working after one day and support was completely unhelpful. Avoid at all costs! [Ref: ID-70]",193,30,4,1,0,0.0789,False,False,2025,11,4,Negative
DEMO-00071,Data Science from Scratch (2nd Edition),Books,Demo Dataset,https://example.com/demo-review-data,"Loved the design, hated the durability","My hands-on experience with the Data Science from Scratch (2nd Edition) shows that looks gorgeous on my counter and received compliments, but unfortunately it broke down after only three weeks of light use. [Ref: ID-71]",2,2025-07-26,True,3,2026-09-14T10:00:00Z,DEMO,"My hands-on experience with the Data Science from Scratch (2nd Edition) shows that looks gorgeous on my counter and received compliments, but unfortunately it broke down after only three weeks of light use. [Ref: ID-71]","My hands-on experience with the Data Science from Scratch (2nd Edition) shows that looks gorgeous on my counter and received compliments, but unfortunately it broke down after only three weeks of light use. [Ref: ID-71]",219,35,2,0,0,0.0462,False,False,2025,7,3,Negative
DEMO-00072,The Pragmatic Programmer: 20th Anniversary,Books,Demo Dataset,https://example.com/demo-review-data,Exceptional value and engineering,"After reading mixed feedback online, I tried the The Pragmatic Programmer: 20th Anniversary and incredible reliability and fantastic support. You will certainly not regret buying this. Truly top tier in its category. [Ref: ID-72]",5,2026-05-11,True,4,2026-09-14T10:00:00Z,DEMO,"After reading mixed feedback online, I tried the The Pragmatic Programmer: 20th Anniversary and incredible reliability and fantastic support. You will certainly not regret buying this. Truly top tier in its category. [Ref: ID-72]","After reading mixed feedback online, I tried the The Pragmatic Programmer: 20th Anniversary and incredible reliability and fantastic support. You will certainly not regret buying this. Truly top tier in its category. [Ref: ID-72]",229,34,4,0,0,0.0601,False,False,2026,5,2,Positive
DEMO-00073,HydroFlow Insulated Stainless Water Bottle,Sports and Outdoors,Demo Dataset,https://example.com/demo-review-data,Decent performance overall,"After extensive daily use of the HydroFlow Insulated Stainless Water Bottle, pleasantly surprised by how well it held up over a couple of weeks of daily usage. Would recommend for standard needs. [Ref: ID-73]",4,2026-04-30,True,0,2026-09-14T10:00:00Z,DEMO,"After extensive daily use of the HydroFlow Insulated Stainless Water Bottle, pleasantly surprised by how well it held up over a couple of weeks of daily usage. Would recommend for standard needs. [Ref: ID-73]","After extensive daily use of the HydroFlow Insulated Stainless Water Bottle, pleasantly surprised by how well it held up over a couple of weeks of daily usage. Would recommend for standard needs. [Ref: ID-73]",208,34,3,0,0,0.0663,False,False,2026,4,2,Positive
DEMO-00074,ChefMaster 8-Piece Japanese Knife Set,Home and Kitchen,Demo Dataset,https://example.com/demo-review-data,Best purchase of the year,"I have been testing this ChefMaster 8-Piece Japanese Knife Set for several weeks now and it delivers flawless performance and is worth every single penny. It feels sturdy, elegant, and genuinely works as advertised. 10/10! [Ref: ID-74]",5,2025-09-03,True,0,2026-09-14T10:00:00Z,DEMO,"I have been testing this ChefMaster 8-Piece Japanese Knife Set for several weeks now and it delivers flawless performance and is worth every single penny. It feels sturdy, elegant, and genuinely works as advertised. 10/10! [Ref: ID-74]","I have been testing this ChefMaster 8-Piece Japanese Knife Set for several weeks now and it delivers flawless performance and is worth every single penny. It feels sturdy, elegant, and genuinely works as advertised. 10/10! [Ref: ID-74]",235,37,4,1,0,0.0608,False,False,2025,9,3,Positive
DEMO-00075,HydroFlow Insulated Stainless Water Bottle,Sports and Outdoors,Demo Dataset,https://example.com/demo-review-data,Dependable and practical,"   I have been testing this     HydroFlow Insulated Stainless Water Bottle for several weeks now and works as expected with consistent results. A slight learning curve at first, but smooth sailing afterwards. [Ref: ID-75]   ",4,2025-11-14,True,2,2026-09-14T10:00:00Z,DEMO,"   I have been testing this     HydroFlow Insulated Stainless Water Bottle for several weeks now and works as expected with consistent results. A slight learning curve at first, but smooth sailing afterwards. [Ref: ID-75]   ","I have been testing this HydroFlow Insulated Stainless Water Bottle for several weeks now and works as expected with consistent results. A slight learning curve at first, but smooth sailing afterwards. [Ref: ID-75]",214,33,3,0,0,0.0636,False,False,2025,11,4,Positive
DEMO-00076,HydraGlow Hyaluronic Acid Facial Serum,Beauty and Personal Care,Demo Dataset,https://example.com/demo-review-data,Absolutely phenomenal quality!,"I took a chance on the HydraGlow Hyaluronic Acid Facial Serum and it completely exceeded every expectation. Superb craftsmanship, lightning-fast setup, and premium durability. Highly recommend to everyone! [Ref: ID-76]",5,2025-08-22,False,0,2026-09-14T10:00:00Z,DEMO,"I took a chance on the HydraGlow Hyaluronic Acid Facial Serum and it completely exceeded every expectation. Superb craftsmanship, lightning-fast setup, and premium durability. Highly recommend to everyone! [Ref: ID-76]","I took a chance on the HydraGlow Hyaluronic Acid Facial Serum and it completely exceeded every expectation. Superb craftsmanship, lightning-fast setup, and premium durability. Highly recommend to everyone! [Ref: ID-76]",218,30,4,1,0,0.0678,False,False,2025,8,3,Positive
DEMO-00077,Designing Data-Intensive Applications,Books,Demo Dataset,https://example.com/demo-review-data,Dependable and practical,"After extensive daily use of the Designing Data-Intensive Applications, works as expected with consistent results. A slight learning curve at first, but smooth sailing afterwards. [Ref: ID-77]",4,2025-10-18,False,3,2026-09-14T10:00:00Z,DEMO,"After extensive daily use of the Designing Data-Intensive Applications, works as expected with consistent results. A slight learning curve at first, but smooth sailing afterwards. [Ref: ID-77]","After extensive daily use of the Designing Data-Intensive Applications, works as expected with consistent results. A slight learning curve at first, but smooth sailing afterwards. [Ref: ID-77]",192,27,3,0,0,0.0581,False,False,2025,10,4,Positive
DEMO-00078,Vision4K Smart Streaming Dongle,Electronics,Demo Dataset,https://example.com/demo-review-data,Very solid product with minor flaws,"After extensive daily use of the Vision4K Smart Streaming Dongle, it performs well for day-to-day tasks. The build is respectable, although the included instructions could have been slightly clearer. [Ref: ID-78]",4,2025-12-02,True,0,2026-09-14T10:00:00Z,DEMO,"After extensive daily use of the Vision4K Smart Streaming Dongle, it performs well for day-to-day tasks. The build is respectable, although the included instructions could have been slightly clearer. [Ref: ID-78]","After extensive daily use of the Vision4K Smart Streaming Dongle, it performs well for day-to-day tasks. The build is respectable, although the included instructions could have been slightly clearer. [Ref: ID-78]",212,31,3,0,0,0.0592,False,False,2025,12,4,Positive
DEMO-00079,Vision4K Smart Streaming Dongle,Electronics,Demo Dataset,https://example.com/demo-review-data,Somewhat underwhelming,"Right out of the packaging, the Vision4K Smart Streaming Dongle I had higher hopes based on online claims. The performance is sluggish and build quality feels rather cheap for the price tag. [Ref: ID-79]",2,2025-02-05,True,0,2026-09-14T10:00:00Z,DEMO,"Right out of the packaging, the Vision4K Smart Streaming Dongle I had higher hopes based on online claims. The performance is sluggish and build quality feels rather cheap for the price tag. [Ref: ID-79]","Right out of the packaging, the Vision4K Smart Streaming Dongle I had higher hopes based on online claims. The performance is sluggish and build quality feels rather cheap for the price tag. [Ref: ID-79]",203,34,3,0,0,0.0688,False,False,2025,2,1,Negative
DEMO-00080,ChefMaster 8-Piece Japanese Knife Set,Home and Kitchen,Demo Dataset,https://example.com/demo-review-data,"Average, meets basic expectations",I took a chance on the ChefMaster 8-Piece Japanese Knife Set and it arrived in standard packaging on schedule. Neither particularly impressed nor disappointed. It functions normally. [Ref: ID-80] Check out specs at https://example.com/demo-review-data for more.,3,2025-05-16,True,0,2026-09-14T10:00:00Z,DEMO,I took a chance on the ChefMaster 8-Piece Japanese Knife Set and it arrived in standard packaging on schedule. Neither particularly impressed nor disappointed. It functions normally. [Ref: ID-80] Check out specs at https://example.com/demo-review-data for more.,I took a chance on the ChefMaster 8-Piece Japanese Knife Set and it arrived in standard packaging on schedule. Neither particularly impressed nor disappointed. It functions normally. [Ref: ID-80] Check out specs at [URL] for more.,230,36,4,0,0,0.0628,True,False,2025,5,2,Neutral
DEMO-00082,ProGamer Wireless Mechanical Keyboard,Electronics,Demo Dataset,https://example.com/demo-review-data,Mediocre experience,"My hands-on experience with the ProGamer Wireless Mechanical Keyboard shows that flimsy construction and frustrating ergonomics. It technically works, but is unpleasant to use regularly. [Ref: ID-82]",2,2025-04-07,True,0,2026-09-14T10:00:00Z,DEMO,"My hands-on experience with the ProGamer Wireless Mechanical Keyboard shows that flimsy construction and frustrating ergonomics. It technically works, but is unpleasant to use regularly. [Ref: ID-82]","My hands-on experience with the ProGamer Wireless Mechanical Keyboard shows that flimsy construction and frustrating ergonomics. It technically works, but is unpleasant to use regularly. [Ref: ID-82]",199,27,3,0,0,0.0613,False,False,2025,4,2,Negative
DEMO-00083,PureAir HEPA Room Air Purifier,Home and Kitchen,Demo Dataset,https://example.com/demo-review-data,It is okay for the price,"Regarding this PureAir HEPA Room Air Purifier, the product arrived as described. It is okay for the price, though there are better alternatives if you spend slightly more. [Ref: ID-83]",3,2025-02-14,True,0,2026-09-14T10:00:00Z,DEMO,"Regarding this PureAir HEPA Room Air Purifier, the product arrived as described. It is okay for the price, though there are better alternatives if you spend slightly more. [Ref: ID-83]","Regarding this PureAir HEPA Room Air Purifier, the product arrived as described. It is okay for the price, though there are better alternatives if you spend slightly more. [Ref: ID-83]",184,30,3,0,0,0.0966,False,False,2025,2,1,Neutral
DEMO-00084,SilkTouch Ceramic Hair Straightener,Beauty and Personal Care,Demo Dataset,https://example.com/demo-review-data,Good quality for the price,"Right out of the packaging, the SilkTouch Ceramic Hair Straightener the materials feel decent and it does its job smoothly. Delivery was fast and packaging was secure. Overall quite satisfied. [Ref: ID-84]",4,2025-03-13,True,1,2026-09-14T10:00:00Z,DEMO,"Right out of the packaging, the SilkTouch Ceramic Hair Straightener the materials feel decent and it does its job smoothly. Delivery was fast and packaging was secure. Overall quite satisfied. [Ref: ID-84]","Right out of the packaging, the SilkTouch Ceramic Hair Straightener the materials feel decent and it does its job smoothly. Delivery was fast and packaging was secure. Overall quite satisfied. [Ref: ID-84]",205,32,4,0,0,0.0671,False,False,2025,3,1,Positive
DEMO-00085,SilkTouch Ceramic Hair Straightener,Beauty and Personal Care,Demo Dataset,https://example.com/demo-review-data,Mediocre experience,"Purchased the SilkTouch Ceramic Hair Straightener recently after comparing several options, flimsy construction and frustrating ergonomics. It technically works, but is unpleasant to use regularly. [Ref: ID-85]",2,2026-07-21,True,6,2026-09-14T10:00:00Z,DEMO,"Purchased the SilkTouch Ceramic Hair Straightener recently after comparing several options, flimsy construction and frustrating ergonomics. It technically works, but is unpleasant to use regularly. [Ref: ID-85]","Purchased the SilkTouch Ceramic Hair Straightener recently after comparing several options, flimsy construction and frustrating ergonomics. It technically works, but is unpleasant to use regularly. [Ref: ID-85]",210,27,3,0,0,0.0575,False,False,2026,7,3,Negative
DEMO-00086,ProGamer Wireless Mechanical Keyboard,Electronics,Demo Dataset,https://example.com/demo-review-data,Delighted with this purchase!,"I took a chance on the ProGamer Wireless Mechanical Keyboard and smooth operation, gorgeous finish, and effortless usability. Will definitely be purchasing more from this line. [Ref: ID-86]",5,2026-05-09,True,0,2026-09-14T10:00:00Z,DEMO,"I took a chance on the ProGamer Wireless Mechanical Keyboard and smooth operation, gorgeous finish, and effortless usability. Will definitely be purchasing more from this line. [Ref: ID-86]","I took a chance on the ProGamer Wireless Mechanical Keyboard and smooth operation, gorgeous finish, and effortless usability. Will definitely be purchasing more from this line. [Ref: ID-86]",189,28,3,0,0,0.0658,False,False,2026,5,2,Positive
DEMO-00087,UltraClean Noise-Cancelling Headphones,Electronics,Demo Dataset,https://example.com/demo-review-data,Acceptable for standard use,"Here is my honest take on the UltraClean Noise-Cancelling Headphones: a standard item that matches the product description. Nothing fancy, but serves as an acceptable baseline option. [Ref: ID-87]",3,2026-03-28,True,0,2026-09-14T10:00:00Z,DEMO,"Here is my honest take on the UltraClean Noise-Cancelling Headphones: a standard item that matches the product description. Nothing fancy, but serves as an acceptable baseline option. [Ref: ID-87]","Here is my honest take on the UltraClean Noise-Cancelling Headphones: a standard item that matches the product description. Nothing fancy, but serves as an acceptable baseline option. [Ref: ID-87]",196,29,3,0,0,0.0637,False,False,2026,3,1,Neutral
DEMO-00088,HydraGlow Hyaluronic Acid Facial Serum,Beauty and Personal Care,Demo Dataset,https://example.com/demo-review-data,Do not buy this!,"Purchased the HydraGlow Hyaluronic Acid Facial Serum recently after comparing several options, total junk. Smelled strange, failed within minutes, and caused endless headaches trying to get a refund. [Ref: ID-88]",1,2025-09-23,True,0,2026-09-14T10:00:00Z,DEMO,"Purchased the HydraGlow Hyaluronic Acid Facial Serum recently after comparing several options, total junk. Smelled strange, failed within minutes, and caused endless headaches trying to get a refund. [Ref: ID-88]","Purchased the HydraGlow Hyaluronic Acid Facial Serum recently after comparing several options, total junk. Smelled strange, failed within minutes, and caused endless headaches trying to get a refund. [Ref: ID-88]",212,30,3,0,0,0.064,False,False,2025,9,3,Negative
DEMO-00089,ChefMaster 8-Piece Japanese Knife Set,Home and Kitchen,Demo Dataset,https://example.com/demo-review-data,Satisfied with this buy,"After extensive daily use of the ChefMaster 8-Piece Japanese Knife Set, good functionality and nice aesthetic. A few minor plastic components, but functionally it works very well. [Ref: ID-89]",4,2025-11-30,True,0,2026-09-14T10:00:00Z,DEMO,"After extensive daily use of the ChefMaster 8-Piece Japanese Knife Set, good functionality and nice aesthetic. A few minor plastic components, but functionally it works very well. [Ref: ID-89]","After extensive daily use of the ChefMaster 8-Piece Japanese Knife Set, good functionality and nice aesthetic. A few minor plastic components, but functionally it works very well. [Ref: ID-89]",192,29,3,0,0,0.0724,False,False,2025,11,4,Positive
DEMO-00090,Designing Data-Intensive Applications,Books,Demo Dataset,https://example.com/demo-review-data,Do not buy this!,"<div><b>Do not buy this!</b>: I took a chance on the Designing Data-Intensive Applications and total junk. Smelled strange, failed within minutes, and caused endless headaches trying to get a refund. [Ref: ID-90] <br/><span>Verified buyer.</span></div>",1,2025-07-22,True,3,2026-09-14T10:00:00Z,DEMO,"<div><b>Do not buy this!</b>: I took a chance on the Designing Data-Intensive Applications and total junk. Smelled strange, failed within minutes, and caused endless headaches trying to get a refund. [Ref: ID-90] <br/><span>Verified buyer.</span></div>","Do not buy this! : I took a chance on the Designing Data-Intensive Applications and total junk. Smelled strange, failed within minutes, and caused endless headaches trying to get a refund. [Ref: ID-90] Verified buyer.",217,35,4,1,0,0.0588,False,False,2025,7,3,Negative
DEMO-00091,TrailBlazer Lightweight Trekking Poles,Sports and Outdoors,Demo Dataset,https://example.com/demo-review-data,Dependable and practical,"My hands-on experience with the TrailBlazer Lightweight Trekking Poles shows that works as expected with consistent results. A slight learning curve at first, but smooth sailing afterwards. [Ref: ID-91]",4,2026-08-07,True,1,2026-09-14T10:00:00Z,DEMO,"My hands-on experience with the TrailBlazer Lightweight Trekking Poles shows that works as expected with consistent results. A slight learning curve at first, but smooth sailing afterwards. [Ref: ID-91]","My hands-on experience with the TrailBlazer Lightweight Trekking Poles shows that works as expected with consistent results. A slight learning curve at first, but smooth sailing afterwards. [Ref: ID-91]",202,29,3,0,0,0.061,False,False,2026,8,3,Positive
DEMO-00092,UltraClean Noise-Cancelling Headphones,Electronics,Demo Dataset,https://example.com/demo-review-data,"Loved the design, hated the durability","Purchased the UltraClean Noise-Cancelling Headphones recently after comparing several options, looks gorgeous on my counter and received compliments, but unfortunately it broke down after only three weeks of light use. [Ref: ID-92]",2,2026-07-30,True,0,2026-09-14T10:00:00Z,DEMO,"Purchased the UltraClean Noise-Cancelling Headphones recently after comparing several options, looks gorgeous on my counter and received compliments, but unfortunately it broke down after only three weeks of light use. [Ref: ID-92]","Purchased the UltraClean Noise-Cancelling Headphones recently after comparing several options, looks gorgeous on my counter and received compliments, but unfortunately it broke down after only three weeks of light use. [Ref: ID-92]",231,32,2,0,0,0.0474,False,False,2026,7,3,Negative
DEMO-00093,Vision4K Smart Streaming Dongle,Electronics,Demo Dataset,https://example.com/demo-review-data,Disappointing longevity,"My hands-on experience with the Vision4K Smart Streaming Dongle shows that worked fine for the first two weeks, then started showing signs of wear and inconsistent behavior. Not really worth the hassle. [Ref: ID-93]",2,2026-06-25,True,2,2026-09-14T10:00:00Z,DEMO,"My hands-on experience with the Vision4K Smart Streaming Dongle shows that worked fine for the first two weeks, then started showing signs of wear and inconsistent behavior. Not really worth the hassle. [Ref: ID-93]","My hands-on experience with the Vision4K Smart Streaming Dongle shows that worked fine for the first two weeks, then started showing signs of wear and inconsistent behavior. Not really worth the hassle. [Ref: ID-93]",215,34,3,0,0,0.0585,False,False,2026,6,2,Negative
DEMO-00094,Botanical Herbals Rejuvenating Night Cream,Beauty and Personal Care,Demo Dataset,https://example.com/demo-review-data,Best purchase of the year,"After reading mixed feedback online, I tried the Botanical Herbals Rejuvenating Night Cream and it delivers flawless performance and is worth every single penny. It feels sturdy, elegant, and genuinely works as advertised. 10/10! [Ref: ID-94]",5,2026-02-01,True,0,2026-09-14T10:00:00Z,DEMO,"After reading mixed feedback online, I tried the Botanical Herbals Rejuvenating Night Cream and it delivers flawless performance and is worth every single penny. It feels sturdy, elegant, and genuinely works as advertised. 10/10! [Ref: ID-94]","After reading mixed feedback online, I tried the Botanical Herbals Rejuvenating Night Cream and it delivers flawless performance and is worth every single penny. It feels sturdy, elegant, and genuinely works as advertised. 10/10! [Ref: ID-94]",242,36,4,1,0,0.0579,False,False,2026,2,1,Positive
DEMO-00095,HydraGlow Hyaluronic Acid Facial Serum,Beauty and Personal Care,Demo Dataset,https://example.com/demo-review-data,Satisfied with this buy,"Here is my honest take on the HydraGlow Hyaluronic Acid Facial Serum: good functionality and nice aesthetic. A few minor plastic components, but functionally it works very well. [Ref: ID-95]",4,2025-07-23,True,3,2026-09-14T10:00:00Z,DEMO,"Here is my honest take on the HydraGlow Hyaluronic Acid Facial Serum: good functionality and nice aesthetic. A few minor plastic components, but functionally it works very well. [Ref: ID-95]","Here is my honest take on the HydraGlow Hyaluronic Acid Facial Serum: good functionality and nice aesthetic. A few minor plastic components, but functionally it works very well. [Ref: ID-95]",190,30,3,0,0,0.0728,False,False,2025,7,3,Positive
DEMO-00097,The Pragmatic Programmer: 20th Anniversary,Books,Demo Dataset,https://example.com/demo-review-data,Somewhat underwhelming,I have been testing this The Pragmatic Programmer: 20th Anniversary for several weeks now and I had higher hopes based on online claims. The performance is sluggish and build quality feels rather cheap for the price tag. [Ref: ID-97],2,2025-02-09,False,2,2026-09-14T10:00:00Z,DEMO,I have been testing this The Pragmatic Programmer: 20th Anniversary for several weeks now and I had higher hopes based on online claims. The performance is sluggish and build quality feels rather cheap for the price tag. [Ref: ID-97],I have been testing this The Pragmatic Programmer: 20th Anniversary for several weeks now and I had higher hopes based on online claims. The performance is sluggish and build quality feels rather cheap for the price tag. [Ref: ID-97],233,39,3,0,0,0.0543,False,False,2025,2,1,Negative
DEMO-00098,HydraGlow Hyaluronic Acid Facial Serum,Beauty and Personal Care,Demo Dataset,https://example.com/demo-review-data,Outstanding build and reliability,"After extensive daily use of the HydraGlow Hyaluronic Acid Facial Serum, the attention to detail is truly impressive. Works brilliantly right out of the box and has made a noticeable improvement in our routine. [Ref: ID-98]",5,2025-03-19,False,0,2026-09-14T10:00:00Z,DEMO,"After extensive daily use of the HydraGlow Hyaluronic Acid Facial Serum, the attention to detail is truly impressive. Works brilliantly right out of the box and has made a noticeable improvement in our routine. [Ref: ID-98]","After extensive daily use of the HydraGlow Hyaluronic Acid Facial Serum, the attention to detail is truly impressive. Works brilliantly right out of the box and has made a noticeable improvement in our routine. [Ref: ID-98]",223,36,3,0,0,0.0615,False,False,2025,3,1,Positive
DEMO-00099,Designing Data-Intensive Applications,Books,Demo Dataset,https://example.com/demo-review-data,Exceptional value and engineering,Here is my honest take on the Designing Data-Intensive Applications: incredible reliability and fantastic support. You will certainly not regret buying this. Truly top tier in its category. [Ref: ID-99],5,2025-10-13,True,0,2026-09-14T10:00:00Z,DEMO,Here is my honest take on the Designing Data-Intensive Applications: incredible reliability and fantastic support. You will certainly not regret buying this. Truly top tier in its category. [Ref: ID-99],Here is my honest take on the Designing Data-Intensive Applications: incredible reliability and fantastic support. You will certainly not regret buying this. Truly top tier in its category. [Ref: ID-99],202,30,4,0,0,0.0617,False,False,2025,10,4,Positive
DEMO-00100,UltraClean Noise-Cancelling Headphones,Electronics,Demo Dataset,https://example.com/demo-review-data,Complete waste of money,"   After reading mixed feedb    ack online, I tried the UltraClean Noise-Cancelling Headphones and terrible product. It stopped working after one day and support was completely unhelpful. Avoid at all costs! [Ref: ID-100]   ",1,2025-04-10,True,0,2026-09-14T10:00:00Z,DEMO,"   After reading mixed feedb    ack online, I tried the UltraClean Noise-Cancelling Headphones and terrible product. It stopped working after one day and support was completely unhelpful. Avoid at all costs! [Ref: ID-100]   ","After reading mixed feedb ack online, I tried the UltraClean Noise-Cancelling Headphones and terrible product. It stopped working after one day and support was completely unhelpful. Avoid at all costs! [Ref: ID-100]",215,32,4,1,0,0.0698,False,False,2025,4,2,Negative
DEMO-00101,PureAir HEPA Room Air Purifier,Home and Kitchen,Demo Dataset,https://example.com/demo-review-data,Absolutely phenomenal quality!,"Having ordered the PureAir HEPA Room Air Purifier last month, it completely exceeded every expectation. Superb craftsmanship, lightning-fast setup, and premium durability. Highly recommend to everyone! [Ref: ID-101]",5,2025-04-18,True,0,2026-09-14T10:00:00Z,DEMO,"Having ordered the PureAir HEPA Room Air Purifier last month, it completely exceeded every expectation. Superb craftsmanship, lightning-fast setup, and premium durability. Highly recommend to everyone! [Ref: ID-101]","Having ordered the PureAir HEPA Room Air Purifier last month, it completely exceeded every expectation. Superb craftsmanship, lightning-fast setup, and premium durability. Highly recommend to everyone! [Ref: ID-101]",215,28,4,1,0,0.0862,False,False,2025,4,2,Positive
DEMO-00102,HydroFlow Insulated Stainless Water Bottle,Sports and Outdoors,Demo Dataset,https://example.com/demo-review-data,Disappointing longevity,"We needed a reliable solution and chose the HydroFlow Insulated Stainless Water Bottle, and worked fine for the first two weeks, then started showing signs of wear and inconsistent behavior. Not really worth the hassle. [Ref: ID-102]",2,2025-02-14,True,6,2026-09-14T10:00:00Z,DEMO,"We needed a reliable solution and chose the HydroFlow Insulated Stainless Water Bottle, and worked fine for the first two weeks, then started showing signs of wear and inconsistent behavior. Not really worth the hassle. [Ref: ID-102]","We needed a reliable solution and chose the HydroFlow Insulated Stainless Water Bottle, and worked fine for the first two weeks, then started showing signs of wear and inconsistent behavior. Not really worth the hassle. [Ref: ID-102]",233,37,3,0,0,0.0591,False,False,2025,2,1,Negative
DEMO-00103,AromaBreeze Stainless Steel Espresso Maker,Home and Kitchen,Demo Dataset,https://example.com/demo-review-data,Mediocre experience,"Having ordered the AromaBreeze Stainless Steel Espresso Maker last month, flimsy construction and frustrating ergonomics. It technically works, but is unpleasant to use regularly. [Ref: ID-103]",2,2026-06-06,False,0,2026-09-14T10:00:00Z,DEMO,"Having ordered the AromaBreeze Stainless Steel Espresso Maker last month, flimsy construction and frustrating ergonomics. It technically works, but is unpleasant to use regularly. [Ref: ID-103]","Having ordered the AromaBreeze Stainless Steel Espresso Maker last month, flimsy construction and frustrating ergonomics. It technically works, but is unpleasant to use regularly. [Ref: ID-103]",193,26,3,0,0,0.0701,False,False,2026,6,2,Negative
DEMO-00104,ProGamer Wireless Mechanical Keyboard,Electronics,Demo Dataset,https://example.com/demo-review-data,Best purchase of the year,"Right out of the packaging, the ProGamer Wireless Mechanical Keyboard it delivers flawless performance and is worth every single penny. It feels sturdy, elegant, and genuinely works as advertised. 10/10! [Ref: ID-104]",5,2026-03-09,True,3,2026-09-14T10:00:00Z,DEMO,"Right out of the packaging, the ProGamer Wireless Mechanical Keyboard it delivers flawless performance and is worth every single penny. It feels sturdy, elegant, and genuinely works as advertised. 10/10! [Ref: ID-104]","Right out of the packaging, the ProGamer Wireless Mechanical Keyboard it delivers flawless performance and is worth every single penny. It feels sturdy, elegant, and genuinely works as advertised. 10/10! [Ref: ID-104]",217,32,4,1,0,0.0595,False,False,2026,3,1,Positive
DEMO-00105,PureAir HEPA Room Air Purifier,Home and Kitchen,Demo Dataset,https://example.com/demo-review-data,"Average, meets basic expectations","Having ordered the PureAir HEPA Room Air Purifier last month, it arrived in standard packaging on schedule. Neither particularly impressed nor disappointed. It functions normally. [Ref: ID-105]",3,2025-03-07,True,0,2026-09-14T10:00:00Z,DEMO,"Having ordered the PureAir HEPA Room Air Purifier last month, it arrived in standard packaging on schedule. Neither particularly impressed nor disappointed. It functions normally. [Ref: ID-105]","Having ordered the PureAir HEPA Room Air Purifier last month, it arrived in standard packaging on schedule. Neither particularly impressed nor disappointed. It functions normally. [Ref: ID-105]",193,27,4,0,0,0.0962,False,False,2025,3,1,Neutral
DEMO-00106,ApexFit Resistance Band Training Set,Sports and Outdoors,Demo Dataset,https://example.com/demo-review-data,Delighted with this purchase!,"After reading mixed feedback online, I tried the ApexFit Resistance Band Training Set and smooth operation, gorgeous finish, and effortless usability. Will definitely be purchasing more from this line. [Ref: ID-106]",5,2026-06-09,True,2,2026-09-14T10:00:00Z,DEMO,"After reading mixed feedback online, I tried the ApexFit Resistance Band Training Set and smooth operation, gorgeous finish, and effortless usability. Will definitely be purchasing more from this line. [Ref: ID-106]","After reading mixed feedback online, I tried the ApexFit Resistance Band Training Set and smooth operation, gorgeous finish, and effortless usability. Will definitely be purchasing more from this line. [Ref: ID-106]",215,31,3,0,0,0.0694,False,False,2026,6,2,Positive
DEMO-00107,AromaBreeze Stainless Steel Espresso Maker,Home and Kitchen,Demo Dataset,https://example.com/demo-review-data,Best purchase of the year,"After extensive daily use of the AromaBreeze Stainless Steel Espresso Maker, it delivers flawless performance and is worth every single penny. It feels sturdy, elegant, and genuinely works as advertised. 10/10! [Ref: ID-107]",5,2025-02-26,True,2,2026-09-14T10:00:00Z,DEMO,"After extensive daily use of the AromaBreeze Stainless Steel Espresso Maker, it delivers flawless performance and is worth every single penny. It feels sturdy, elegant, and genuinely works as advertised. 10/10! [Ref: ID-107]","After extensive daily use of the AromaBreeze Stainless Steel Espresso Maker, it delivers flawless performance and is worth every single penny. It feels sturdy, elegant, and genuinely works as advertised. 10/10! [Ref: ID-107]",224,33,4,1,0,0.0632,False,False,2025,2,1,Positive
DEMO-00108,Data Science from Scratch (2nd Edition),Books,Demo Dataset,https://example.com/demo-review-data,Best purchase of the year,"After reading mixed feedback online, I tried the Data Science from Scratch (2nd Edition) and it delivers flawless performance and is worth every single penny. It feels sturdy, elegant, and genuinely works as advertised. 10/10! [Ref: ID-108]",5,2026-01-19,True,0,2026-09-14T10:00:00Z,DEMO,"After reading mixed feedback online, I tried the Data Science from Scratch (2nd Edition) and it delivers flawless performance and is worth every single penny. It feels sturdy, elegant, and genuinely works as advertised. 10/10! [Ref: ID-108]","After reading mixed feedback online, I tried the Data Science from Scratch (2nd Edition) and it delivers flawless performance and is worth every single penny. It feels sturdy, elegant, and genuinely works as advertised. 10/10! [Ref: ID-108]",240,37,4,1,0,0.0546,False,False,2026,1,1,Positive
DEMO-00109,SilkTouch Ceramic Hair Straightener,Beauty and Personal Care,Demo Dataset,https://example.com/demo-review-data,Difficult setup but great once working,"After reading mixed feedback online, I tried the SilkTouch Ceramic Hair Straightener and customer service was unhelpful and instructions were missing, but once I finally got it configured, performance was outstanding. [Ref: ID-109]",4,2026-01-05,True,1,2026-09-14T10:00:00Z,DEMO,"After reading mixed feedback online, I tried the SilkTouch Ceramic Hair Straightener and customer service was unhelpful and instructions were missing, but once I finally got it configured, performance was outstanding. [Ref: ID-109]","After reading mixed feedback online, I tried the SilkTouch Ceramic Hair Straightener and customer service was unhelpful and instructions were missing, but once I finally got it configured, performance was outstanding. [Ref: ID-109]",231,33,2,0,0,0.0585,False,False,2026,1,1,Positive
DEMO-00110,ChefMaster 8-Piece Japanese Knife Set,Home and Kitchen,Demo Dataset,https://example.com/demo-review-data,Best purchase of the year,"After reading mixed feedback online, I tried the ChefMaster 8-Piece Japanese Knife Set and it delivers flawless performance and is worth every single penny. It feels sturdy, elegant, and genuinely works as advertised. 10/10! [Ref: ID-110]",5,2025-10-17,False,2,2026-09-14T10:00:00Z,DEMO,"After reading mixed feedback online, I tried the ChefMaster 8-Piece Japanese Knife Set and it delivers flawless performance and is worth every single penny. It feels sturdy, elegant, and genuinely works as advertised. 10/10! [Ref: ID-110]","After reading mixed feedback online, I tried the ChefMaster 8-Piece Japanese Knife Set and it delivers flawless performance and is worth every single penny. It feels sturdy, elegant, and genuinely works as advertised. 10/10! [Ref: ID-110]",238,36,4,1,0,0.0656,False,False,2025,10,4,Positive
DEMO-00111,ProGamer Wireless Mechanical Keyboard,Electronics,Demo Dataset,https://example.com/demo-review-data,"Average, meets basic expectations","To be completely honest about the ProGamer Wireless Mechanical Keyboard, it arrived in standard packaging on schedule. Neither particularly impressed nor disappointed. It functions normally. [Ref: ID-111]",3,2025-06-18,False,0,2026-09-14T10:00:00Z,DEMO,"To be completely honest about the ProGamer Wireless Mechanical Keyboard, it arrived in standard packaging on schedule. Neither particularly impressed nor disappointed. It functions normally. [Ref: ID-111]","To be completely honest about the ProGamer Wireless Mechanical Keyboard, it arrived in standard packaging on schedule. Neither particularly impressed nor disappointed. It functions normally. [Ref: ID-111]",204,27,4,0,0,0.0659,False,False,2025,6,2,Neutral
DEMO-00112,AromaBreeze Stainless Steel Espresso Maker,Home and Kitchen,Demo Dataset,https://example.com/demo-review-data,Decent performance overall,"Having ordered the AromaBreeze Stainless Steel Espresso Maker last month, pleasantly surprised by how well it held up over a couple of weeks of daily usage. Would recommend for standard needs. [Ref: ID-112]",4,2026-02-08,True,0,2026-09-14T10:00:00Z,DEMO,"Having ordered the AromaBreeze Stainless Steel Espresso Maker last month, pleasantly surprised by how well it held up over a couple of weeks of daily usage. Would recommend for standard needs. [Ref: ID-112]","Having ordered the AromaBreeze Stainless Steel Espresso Maker last month, pleasantly surprised by how well it held up over a couple of weeks of daily usage. Would recommend for standard needs. [Ref: ID-112]",206,33,3,0,0,0.0671,False,False,2026,2,1,Positive
DEMO-00113,HydraGlow Hyaluronic Acid Facial Serum,Beauty and Personal Care,Demo Dataset,https://example.com/demo-review-data,Best purchase of the year,"I have been testing this HydraGlow Hyaluronic Acid Facial Serum for several weeks now and it delivers flawless performance and is worth every single penny. It feels sturdy, elegant, and genuinely works as advertised. 10/10! [Ref: ID-113]",5,2026-08-06,True,2,2026-09-14T10:00:00Z,DEMO,"I have been testing this HydraGlow Hyaluronic Acid Facial Serum for several weeks now and it delivers flawless performance and is worth every single penny. It feels sturdy, elegant, and genuinely works as advertised. 10/10! [Ref: ID-113]","I have been testing this HydraGlow Hyaluronic Acid Facial Serum for several weeks now and it delivers flawless performance and is worth every single penny. It feels sturdy, elegant, and genuinely works as advertised. 10/10! [Ref: ID-113]",237,37,4,1,0,0.0598,False,False,2026,8,3,Positive
DEMO-00114,ChefMaster 8-Piece Japanese Knife Set,Home and Kitchen,Demo Dataset,https://example.com/demo-review-data,It is okay for the price,"My hands-on experience with the ChefMaster 8-Piece Japanese Knife Set shows that the product arrived as described. It is okay for the price, though there are better alternatives if you spend slightly more. [Ref: ID-114]",3,2025-06-30,True,0,2026-09-14T10:00:00Z,DEMO,"My hands-on experience with the ChefMaster 8-Piece Japanese Knife Set shows that the product arrived as described. It is okay for the price, though there are better alternatives if you spend slightly more. [Ref: ID-114]","My hands-on experience with the ChefMaster 8-Piece Japanese Knife Set shows that the product arrived as described. It is okay for the price, though there are better alternatives if you spend slightly more. [Ref: ID-114]",219,35,3,0,0,0.064,False,False,2025,6,2,Neutral
DEMO-00115,ProGamer Wireless Mechanical Keyboard,Electronics,Demo Dataset,https://example.com/demo-review-data,It is okay for the price,"Right out of the packaging, the ProGamer Wireless Mechanical Keyboard the product arrived as described. It is okay for the price, though there are better alternatives if you spend slightly more. [Ref: ID-115]",3,2026-01-10,True,1,2026-09-14T10:00:00Z,DEMO,"Right out of the packaging, the ProGamer Wireless Mechanical Keyboard the product arrived as described. It is okay for the price, though there are better alternatives if you spend slightly more. [Ref: ID-115]","Right out of the packaging, the ProGamer Wireless Mechanical Keyboard the product arrived as described. It is okay for the price, though there are better alternatives if you spend slightly more. [Ref: ID-115]",208,33,3,0,0,0.0606,False,False,2026,1,1,Neutral
DEMO-00117,UltraClean Noise-Cancelling Headphones,Electronics,Demo Dataset,https://example.com/demo-review-data,It is okay for the price,"After extensive daily use of the UltraClean Noise-Cancelling Headphones, the product arrived as described. It is okay for the price, though there are better alternatives if you spend slightly more. [Ref: ID-117]",3,2026-01-02,True,1,2026-09-14T10:00:00Z,DEMO,"After extensive daily use of the UltraClean Noise-Cancelling Headphones, the product arrived as described. It is okay for the price, though there are better alternatives if you spend slightly more. [Ref: ID-117]","After extensive daily use of the UltraClean Noise-Cancelling Headphones, the product arrived as described. It is okay for the price, though there are better alternatives if you spend slightly more. [Ref: ID-117]",211,32,3,0,0,0.0595,False,False,2026,1,1,Neutral
DEMO-00118,ApexFit Resistance Band Training Set,Sports and Outdoors,Demo Dataset,https://example.com/demo-review-data,Very solid product with minor flaws,"Purchased the ApexFit Resistance Band Training Set recently after comparing several options, it performs well for day-to-day tasks. The build is respectable, although the included instructions could have been slightly clearer. [Ref: ID-118]",4,2026-02-10,True,1,2026-09-14T10:00:00Z,DEMO,"Purchased the ApexFit Resistance Band Training Set recently after comparing several options, it performs well for day-to-day tasks. The build is respectable, although the included instructions could have been slightly clearer. [Ref: ID-118]","Purchased the ApexFit Resistance Band Training Set recently after comparing several options, it performs well for day-to-day tasks. The build is respectable, although the included instructions could have been slightly clearer. [Ref: ID-118]",240,33,3,0,0,0.0564,False,False,2026,2,1,Positive
DEMO-00119,ApexFit Resistance Band Training Set,Sports and Outdoors,Demo Dataset,https://example.com/demo-review-data,Mediocre experience,"After reading mixed feedback online, I tried the ApexFit Resistance Band Training Set and flimsy construction and frustrating ergonomics. It technically works, but is unpleasant to use regularly. [Ref: ID-119]",2,2025-12-15,False,1,2026-09-14T10:00:00Z,DEMO,"After reading mixed feedback online, I tried the ApexFit Resistance Band Training Set and flimsy construction and frustrating ergonomics. It technically works, but is unpleasant to use regularly. [Ref: ID-119]","After reading mixed feedback online, I tried the ApexFit Resistance Band Training Set and flimsy construction and frustrating ergonomics. It technically works, but is unpleasant to use regularly. [Ref: ID-119]",209,30,3,0,0,0.071,False,False,2025,12,4,Negative
DEMO-00120,SilkTouch Ceramic Hair Straightener,Beauty and Personal Care,Demo Dataset,https://example.com/demo-review-data,Somewhat underwhelming,"<div><b>Somewhat underwhelming</b>: We needed a reliable solution and chose the SilkTouch Ceramic Hair Straightener, and I had higher hopes based on online claims. The performance is sluggish and build quality feels rather cheap for the price tag. [Ref: ID-120] <br/><span>Verified buyer.</span></div>",2,2026-06-30,True,1,2026-09-14T10:00:00Z,DEMO,"<div><b>Somewhat underwhelming</b>: We needed a reliable solution and chose the SilkTouch Ceramic Hair Straightener, and I had higher hopes based on online claims. The performance is sluggish and build quality feels rather cheap for the price tag. [Ref: ID-120] <br/><span>Verified buyer.</span></div>","Somewhat underwhelming : We needed a reliable solution and chose the SilkTouch Ceramic Hair Straightener, and I had higher hopes based on online claims. The performance is sluggish and build quality feels rather cheap for the price tag. [Ref: ID-120] Verified buyer.",266,42,3,0,0,0.0563,False,False,2026,6,2,Negative
DEMO-00122,Data Science from Scratch (2nd Edition),Books,Demo Dataset,https://example.com/demo-review-data,Delighted with this purchase!,"Here is my honest take on the Data Science from Scratch (2nd Edition): smooth operation, gorgeous finish, and effortless usability. Will definitely be purchasing more from this line. [Ref: ID-122]",5,2025-02-27,True,0,2026-09-14T10:00:00Z,DEMO,"Here is my honest take on the Data Science from Scratch (2nd Edition): smooth operation, gorgeous finish, and effortless usability. Will definitely be purchasing more from this line. [Ref: ID-122]","Here is my honest take on the Data Science from Scratch (2nd Edition): smooth operation, gorgeous finish, and effortless usability. Will definitely be purchasing more from this line. [Ref: ID-122]",196,30,3,0,0,0.0592,False,False,2025,2,1,Positive
DEMO-00123,ChefMaster 8-Piece Japanese Knife Set,Home and Kitchen,Demo Dataset,https://example.com/demo-review-data,Exceptional value and engineering,"Purchased the ChefMaster 8-Piece Japanese Knife Set recently after comparing several options, incredible reliability and fantastic support. You will certainly not regret buying this. Truly top tier in its category. [Ref: ID-123]",5,2025-02-23,True,4,2026-09-14T10:00:00Z,DEMO,"Purchased the ChefMaster 8-Piece Japanese Knife Set recently after comparing several options, incredible reliability and fantastic support. You will certainly not regret buying this. Truly top tier in its category. [Ref: ID-123]","Purchased the ChefMaster 8-Piece Japanese Knife Set recently after comparing several options, incredible reliability and fantastic support. You will certainly not regret buying this. Truly top tier in its category. [Ref: ID-123]",228,32,4,0,0,0.0652,False,False,2025,2,1,Positive
DEMO-00124,Botanical Herbals Rejuvenating Night Cream,Beauty and Personal Care,Demo Dataset,https://example.com/demo-review-data,Satisfied with this buy,"Right out of the packaging, the Botanical Herbals Rejuvenating Night Cream good functionality and nice aesthetic. A few minor plastic components, but functionally it works very well. [Ref: ID-124]",4,2026-04-05,True,0,2026-09-14T10:00:00Z,DEMO,"Right out of the packaging, the Botanical Herbals Rejuvenating Night Cream good functionality and nice aesthetic. A few minor plastic components, but functionally it works very well. [Ref: ID-124]","Right out of the packaging, the Botanical Herbals Rejuvenating Night Cream good functionality and nice aesthetic. A few minor plastic components, but functionally it works very well. [Ref: ID-124]",196,29,3,0,0,0.0637,False,False,2026,4,2,Positive
DEMO-00125,Vision4K Smart Streaming Dongle,Electronics,Demo Dataset,https://example.com/demo-review-data,Satisfied with this buy,"   Here is my honest take on     the Vision4K Smart Streaming Dongle: good functionality and nice aesthetic. A few minor plastic components, but functionally it works very well. [Ref: ID-125]   ",4,2025-11-12,False,0,2026-09-14T10:00:00Z,DEMO,"   Here is my honest take on     the Vision4K Smart Streaming Dongle: good functionality and nice aesthetic. A few minor plastic components, but functionally it works very well. [Ref: ID-125]   ","Here is my honest take on the Vision4K Smart Streaming Dongle: good functionality and nice aesthetic. A few minor plastic components, but functionally it works very well. [Ref: ID-125]",184,29,3,0,0,0.0694,False,False,2025,11,4,Positive
DEMO-00126,Botanical Herbals Rejuvenating Night Cream,Beauty and Personal Care,Demo Dataset,https://example.com/demo-review-data,Ordinary product without highlights,"Having ordered the Botanical Herbals Rejuvenating Night Cream last month, does what it says on the box. No major competitive advantages and no catastrophic failures either. [Ref: ID-126]",3,2026-08-13,True,2,2026-09-14T10:00:00Z,DEMO,"Having ordered the Botanical Herbals Rejuvenating Night Cream last month, does what it says on the box. No major competitive advantages and no catastrophic failures either. [Ref: ID-126]","Having ordered the Botanical Herbals Rejuvenating Night Cream last month, does what it says on the box. No major competitive advantages and no catastrophic failures either. [Ref: ID-126]",186,28,3,0,0,0.0671,False,False,2026,8,3,Neutral
DEMO-00127,Designing Data-Intensive Applications,Books,Demo Dataset,https://example.com/demo-review-data,Outstanding build and reliability,Here is my honest take on the Designing Data-Intensive Applications: the attention to detail is truly impressive. Works brilliantly right out of the box and has made a noticeable improvement in our routine. [Ref: ID-127],5,2026-02-23,True,0,2026-09-14T10:00:00Z,DEMO,Here is my honest take on the Designing Data-Intensive Applications: the attention to detail is truly impressive. Works brilliantly right out of the box and has made a noticeable improvement in our routine. [Ref: ID-127],Here is my honest take on the Designing Data-Intensive Applications: the attention to detail is truly impressive. Works brilliantly right out of the box and has made a noticeable improvement in our routine. [Ref: ID-127],220,35,3,0,0,0.0514,False,False,2026,2,1,Positive
DEMO-00128,AromaBreeze Stainless Steel Espresso Maker,Home and Kitchen,Demo Dataset,https://example.com/demo-review-data,Exceptional value and engineering,"Right out of the packaging, the AromaBreeze Stainless Steel Espresso Maker incredible reliability and fantastic support. You will certainly not regret buying this. Truly top tier in its category. [Ref: ID-128]",5,2025-05-20,False,1,2026-09-14T10:00:00Z,DEMO,"Right out of the packaging, the AromaBreeze Stainless Steel Espresso Maker incredible reliability and fantastic support. You will certainly not regret buying this. Truly top tier in its category. [Ref: ID-128]","Right out of the packaging, the AromaBreeze Stainless Steel Espresso Maker incredible reliability and fantastic support. You will certainly not regret buying this. Truly top tier in its category. [Ref: ID-128]",209,31,4,0,0,0.0714,False,False,2025,5,2,Positive
DEMO-00129,Designing Data-Intensive Applications,Books,Demo Dataset,https://example.com/demo-review-data,Disappointing longevity,"I took a chance on the Designing Data-Intensive Applications and worked fine for the first two weeks, then started showing signs of wear and inconsistent behavior. Not really worth the hassle. [Ref: ID-129]",2,2026-05-10,True,1,2026-09-14T10:00:00Z,DEMO,"I took a chance on the Designing Data-Intensive Applications and worked fine for the first two weeks, then started showing signs of wear and inconsistent behavior. Not really worth the hassle. [Ref: ID-129]","I took a chance on the Designing Data-Intensive Applications and worked fine for the first two weeks, then started showing signs of wear and inconsistent behavior. Not really worth the hassle. [Ref: ID-129]",206,33,3,0,0,0.0552,False,False,2026,5,2,Negative
DEMO-00130,ApexFit Resistance Band Training Set,Sports and Outdoors,Demo Dataset,https://example.com/demo-review-data,Exceptional value and engineering,Here is my honest take on the ApexFit Resistance Band Training Set: incredible reliability and fantastic support. You will certainly not regret buying this. Truly top tier in its category. [Ref: ID-130],5,2026-09-01,True,1,2026-09-14T10:00:00Z,DEMO,Here is my honest take on the ApexFit Resistance Band Training Set: incredible reliability and fantastic support. You will certainly not regret buying this. Truly top tier in its category. [Ref: ID-130],Here is my honest take on the ApexFit Resistance Band Training Set: incredible reliability and fantastic support. You will certainly not regret buying this. Truly top tier in its category. [Ref: ID-130],202,32,4,0,0,0.075,False,False,2026,9,3,Positive
DEMO-00131,ProGamer Wireless Mechanical Keyboard,Electronics,Demo Dataset,https://example.com/demo-review-data,Outstanding build and reliability,"Regarding this ProGamer Wireless Mechanical Keyboard, the attention to detail is truly impressive. Works brilliantly right out of the box and has made a noticeable improvement in our routine. [Ref: ID-131]",5,2025-07-17,False,0,2026-09-14T10:00:00Z,DEMO,"Regarding this ProGamer Wireless Mechanical Keyboard, the attention to detail is truly impressive. Works brilliantly right out of the box and has made a noticeable improvement in our routine. [Ref: ID-131]","Regarding this ProGamer Wireless Mechanical Keyboard, the attention to detail is truly impressive. Works brilliantly right out of the box and has made a noticeable improvement in our routine. [Ref: ID-131]",205,31,3,0,0,0.0606,False,False,2025,7,3,Positive
DEMO-00132,Designing Data-Intensive Applications,Books,Demo Dataset,https://example.com/demo-review-data,Delighted with this purchase!,"Right out of the packaging, the Designing Data-Intensive Applications smooth operation, gorgeous finish, and effortless usability. Will definitely be purchasing more from this line. [Ref: ID-132]",5,2025-05-03,True,2,2026-09-14T10:00:00Z,DEMO,"Right out of the packaging, the Designing Data-Intensive Applications smooth operation, gorgeous finish, and effortless usability. Will definitely be purchasing more from this line. [Ref: ID-132]","Right out of the packaging, the Designing Data-Intensive Applications smooth operation, gorgeous finish, and effortless usability. Will definitely be purchasing more from this line. [Ref: ID-132]",195,26,3,0,0,0.0573,False,False,2025,5,2,Positive
DEMO-00133,SilkTouch Ceramic Hair Straightener,Beauty and Personal Care,Demo Dataset,https://example.com/demo-review-data,Decent performance overall,"To be completely honest about the SilkTouch Ceramic Hair Straightener, pleasantly surprised by how well it held up over a couple of weeks of daily usage. Would recommend for standard needs. [Ref: ID-133]",4,2025-01-23,True,2,2026-09-14T10:00:00Z,DEMO,"To be completely honest about the SilkTouch Ceramic Hair Straightener, pleasantly surprised by how well it held up over a couple of weeks of daily usage. Would recommend for standard needs. [Ref: ID-133]","To be completely honest about the SilkTouch Ceramic Hair Straightener, pleasantly surprised by how well it held up over a couple of weeks of daily usage. Would recommend for standard needs. [Ref: ID-133]",203,33,3,0,0,0.0621,False,False,2025,1,1,Positive
DEMO-00134,PureAir HEPA Room Air Purifier,Home and Kitchen,Demo Dataset,https://example.com/demo-review-data,Ordinary product without highlights,"After reading mixed feedback online, I tried the PureAir HEPA Room Air Purifier and does what it says on the box. No major competitive advantages and no catastrophic failures either. [Ref: ID-134]",3,2025-03-06,True,0,2026-09-14T10:00:00Z,DEMO,"After reading mixed feedback online, I tried the PureAir HEPA Room Air Purifier and does what it says on the box. No major competitive advantages and no catastrophic failures either. [Ref: ID-134]","After reading mixed feedback online, I tried the PureAir HEPA Room Air Purifier and does what it says on the box. No major competitive advantages and no catastrophic failures either. [Ref: ID-134]",196,32,3,0,0,0.0968,False,False,2025,3,1,Neutral
DEMO-00135,PureAir HEPA Room Air Purifier,Home and Kitchen,Demo Dataset,https://example.com/demo-review-data,Very solid product with minor flaws,"My hands-on experience with the PureAir HEPA Room Air Purifier shows that it performs well for day-to-day tasks. The build is respectable, although the included instructions could have been slightly clearer. [Ref: ID-135]",4,2026-04-06,True,1,2026-09-14T10:00:00Z,DEMO,"My hands-on experience with the PureAir HEPA Room Air Purifier shows that it performs well for day-to-day tasks. The build is respectable, although the included instructions could have been slightly clearer. [Ref: ID-135]","My hands-on experience with the PureAir HEPA Room Air Purifier shows that it performs well for day-to-day tasks. The build is respectable, although the included instructions could have been slightly clearer. [Ref: ID-135]",221,33,3,0,0,0.0795,False,False,2026,4,2,Positive
DEMO-00136,HydroFlow Insulated Stainless Water Bottle,Sports and Outdoors,Demo Dataset,https://example.com/demo-review-data,Mediocre experience,"Purchased the HydroFlow Insulated Stainless Water Bottle recently after comparing several options, flimsy construction and frustrating ergonomics. It technically works, but is unpleasant to use regularly. [Ref: ID-136]",2,2025-12-04,False,5,2026-09-14T10:00:00Z,DEMO,"Purchased the HydroFlow Insulated Stainless Water Bottle recently after comparing several options, flimsy construction and frustrating ergonomics. It technically works, but is unpleasant to use regularly. [Ref: ID-136]","Purchased the HydroFlow Insulated Stainless Water Bottle recently after comparing several options, flimsy construction and frustrating ergonomics. It technically works, but is unpleasant to use regularly. [Ref: ID-136]",218,28,3,0,0,0.0611,False,False,2025,12,4,Negative
DEMO-00137,PureAir HEPA Room Air Purifier,Home and Kitchen,Demo Dataset,https://example.com/demo-review-data,It is okay for the price,"Regarding this PureAir HEPA Room Air Purifier, the product arrived as described. It is okay for the price, though there are better alternatives if you spend slightly more. [Ref: ID-137]",3,2025-03-28,True,1,2026-09-14T10:00:00Z,DEMO,"Regarding this PureAir HEPA Room Air Purifier, the product arrived as described. It is okay for the price, though there are better alternatives if you spend slightly more. [Ref: ID-137]","Regarding this PureAir HEPA Room Air Purifier, the product arrived as described. It is okay for the price, though there are better alternatives if you spend slightly more. [Ref: ID-137]",185,30,3,0,0,0.0966,False,False,2025,3,1,Neutral
DEMO-00138,AromaBreeze Stainless Steel Espresso Maker,Home and Kitchen,Demo Dataset,https://example.com/demo-review-data,Absolutely phenomenal quality!,"I have been testing this AromaBreeze Stainless Steel Espresso Maker for several weeks now and it completely exceeded every expectation. Superb craftsmanship, lightning-fast setup, and premium durability. Highly recommend to everyone! [Ref: ID-138]",5,2026-06-09,True,2,2026-09-14T10:00:00Z,DEMO,"I have been testing this AromaBreeze Stainless Steel Espresso Maker for several weeks now and it completely exceeded every expectation. Superb craftsmanship, lightning-fast setup, and premium durability. Highly recommend to everyone! [Ref: ID-138]","I have been testing this AromaBreeze Stainless Steel Espresso Maker for several weeks now and it completely exceeded every expectation. Superb craftsmanship, lightning-fast setup, and premium durability. Highly recommend to everyone! [Ref: ID-138]",247,33,4,1,0,0.0594,False,False,2026,6,2,Positive
DEMO-00139,ChefMaster 8-Piece Japanese Knife Set,Home and Kitchen,Demo Dataset,https://example.com/demo-review-data,Delighted with this purchase!,"Purchased the ChefMaster 8-Piece Japanese Knife Set recently after comparing several options, smooth operation, gorgeous finish, and effortless usability. Will definitely be purchasing more from this line. [Ref: ID-139]",5,2025-01-20,True,0,2026-09-14T10:00:00Z,DEMO,"Purchased the ChefMaster 8-Piece Japanese Knife Set recently after comparing several options, smooth operation, gorgeous finish, and effortless usability. Will definitely be purchasing more from this line. [Ref: ID-139]","Purchased the ChefMaster 8-Piece Japanese Knife Set recently after comparing several options, smooth operation, gorgeous finish, and effortless usability. Will definitely be purchasing more from this line. [Ref: ID-139]",219,29,3,0,0,0.0621,False,False,2025,1,1,Positive
DEMO-00140,The Pragmatic Programmer: 20th Anniversary,Books,Demo Dataset,https://example.com/demo-review-data,Horrible quality and defective,"After reading mixed feedback online, I tried the The Pragmatic Programmer: 20th Anniversary and extremely dissatisfied. Defective parts, awful customer service, and refusing to honor the warranty. Total disaster. [Ref: ID-140]",1,2025-08-06,True,2,2026-09-14T10:00:00Z,DEMO,"After reading mixed feedback online, I tried the The Pragmatic Programmer: 20th Anniversary and extremely dissatisfied. Defective parts, awful customer service, and refusing to honor the warranty. Total disaster. [Ref: ID-140]","After reading mixed feedback online, I tried the The Pragmatic Programmer: 20th Anniversary and extremely dissatisfied. Defective parts, awful customer service, and refusing to honor the warranty. Total disaster. [Ref: ID-140]",226,31,4,0,0,0.0611,False,False,2025,8,3,Negative
DEMO-00141,The Pragmatic Programmer: 20th Anniversary,Books,Demo Dataset,https://example.com/demo-review-data,Exceptional value and engineering,"Regarding this The Pragmatic Programmer: 20th Anniversary, incredible reliability and fantastic support. You will certainly not regret buying this. Truly top tier in its category. [Ref: ID-141]",5,2025-09-21,True,9,2026-09-14T10:00:00Z,DEMO,"Regarding this The Pragmatic Programmer: 20th Anniversary, incredible reliability and fantastic support. You will certainly not regret buying this. Truly top tier in its category. [Ref: ID-141]","Regarding this The Pragmatic Programmer: 20th Anniversary, incredible reliability and fantastic support. You will certainly not regret buying this. Truly top tier in its category. [Ref: ID-141]",193,27,4,0,0,0.0654,False,False,2025,9,3,Positive
DEMO-00142,PureAir HEPA Room Air Purifier,Home and Kitchen,Demo Dataset,https://example.com/demo-review-data,"Average, meets basic expectations","Purchased the PureAir HEPA Room Air Purifier recently after comparing several options, it arrived in standard packaging on schedule. Neither particularly impressed nor disappointed. It functions normally. [Ref: ID-142]",3,2025-06-30,True,5,2026-09-14T10:00:00Z,DEMO,"Purchased the PureAir HEPA Room Air Purifier recently after comparing several options, it arrived in standard packaging on schedule. Neither particularly impressed nor disappointed. It functions normally. [Ref: ID-142]","Purchased the PureAir HEPA Room Air Purifier recently after comparing several options, it arrived in standard packaging on schedule. Neither particularly impressed nor disappointed. It functions normally. [Ref: ID-142]",218,29,4,0,0,0.0838,False,False,2025,6,2,Neutral
DEMO-00143,Data Science from Scratch (2nd Edition),Books,Demo Dataset,https://example.com/demo-review-data,Disappointing longevity,"After reading mixed feedback online, I tried the Data Science from Scratch (2nd Edition) and worked fine for the first two weeks, then started showing signs of wear and inconsistent behavior. Not really worth the hassle. [Ref: ID-143]",2,2025-07-04,True,0,2026-09-14T10:00:00Z,DEMO,"After reading mixed feedback online, I tried the Data Science from Scratch (2nd Edition) and worked fine for the first two weeks, then started showing signs of wear and inconsistent behavior. Not really worth the hassle. [Ref: ID-143]","After reading mixed feedback online, I tried the Data Science from Scratch (2nd Edition) and worked fine for the first two weeks, then started showing signs of wear and inconsistent behavior. Not really worth the hassle. [Ref: ID-143]",234,38,3,0,0,0.0546,False,False,2025,7,3,Negative
DEMO-00144,ApexFit Resistance Band Training Set,Sports and Outdoors,Demo Dataset,https://example.com/demo-review-data,Somewhat underwhelming,Here is my honest take on the ApexFit Resistance Band Training Set: I had higher hopes based on online claims. The performance is sluggish and build quality feels rather cheap for the price tag. [Ref: ID-144],2,2026-08-15,True,2,2026-09-14T10:00:00Z,DEMO,Here is my honest take on the ApexFit Resistance Band Training Set: I had higher hopes based on online claims. The performance is sluggish and build quality feels rather cheap for the price tag. [Ref: ID-144],Here is my honest take on the ApexFit Resistance Band Training Set: I had higher hopes based on online claims. The performance is sluggish and build quality feels rather cheap for the price tag. [Ref: ID-144],208,36,3,0,0,0.0736,False,False,2026,8,3,Negative
DEMO-00145,AromaBreeze Stainless Steel Espresso Maker,Home and Kitchen,Demo Dataset,https://example.com/demo-review-data,"Loved the design, hated the durability","After extensive daily use of the AromaBreeze Stainless Steel Espresso Maker, looks gorgeous on my counter and received compliments, but unfortunately it broke down after only three weeks of light use. [Ref: ID-145]",2,2025-03-20,True,3,2026-09-14T10:00:00Z,DEMO,"After extensive daily use of the AromaBreeze Stainless Steel Espresso Maker, looks gorgeous on my counter and received compliments, but unfortunately it broke down after only three weeks of light use. [Ref: ID-145]","After extensive daily use of the AromaBreeze Stainless Steel Espresso Maker, looks gorgeous on my counter and received compliments, but unfortunately it broke down after only three weeks of light use. [Ref: ID-145]",214,33,2,0,0,0.0581,False,False,2025,3,1,Negative
DEMO-00146,Designing Data-Intensive Applications,Books,Demo Dataset,https://example.com/demo-review-data,Dependable and practical,"Here is my honest take on the Designing Data-Intensive Applications: works as expected with consistent results. A slight learning curve at first, but smooth sailing afterwards. [Ref: ID-146]",4,2026-08-28,True,0,2026-09-14T10:00:00Z,DEMO,"Here is my honest take on the Designing Data-Intensive Applications: works as expected with consistent results. A slight learning curve at first, but smooth sailing afterwards. [Ref: ID-146]","Here is my honest take on the Designing Data-Intensive Applications: works as expected with consistent results. A slight learning curve at first, but smooth sailing afterwards. [Ref: ID-146]",190,28,3,0,0,0.0596,False,False,2026,8,3,Positive
DEMO-00147,ApexFit Resistance Band Training Set,Sports and Outdoors,Demo Dataset,https://example.com/demo-review-data,Below average quality,I took a chance on the ApexFit Resistance Band Training Set and the finish peeled slightly and response times are slow. Would suggest looking at competitors instead. [Ref: ID-147],2,2026-08-15,False,8,2026-09-14T10:00:00Z,DEMO,I took a chance on the ApexFit Resistance Band Training Set and the finish peeled slightly and response times are slow. Would suggest looking at competitors instead. [Ref: ID-147],I took a chance on the ApexFit Resistance Band Training Set and the finish peeled slightly and response times are slow. Would suggest looking at competitors instead. [Ref: ID-147],179,29,3,0,0,0.0775,False,False,2026,8,3,Negative
DEMO-00148,ApexFit Resistance Band Training Set,Sports and Outdoors,Demo Dataset,https://example.com/demo-review-data,Dependable and practical,"To be completely honest about the ApexFit Resistance Band Training Set, works as expected with consistent results. A slight learning curve at first, but smooth sailing afterwards. [Ref: ID-148]",4,2025-11-04,True,0,2026-09-14T10:00:00Z,DEMO,"To be completely honest about the ApexFit Resistance Band Training Set, works as expected with consistent results. A slight learning curve at first, but smooth sailing afterwards. [Ref: ID-148]","To be completely honest about the ApexFit Resistance Band Training Set, works as expected with consistent results. A slight learning curve at first, but smooth sailing afterwards. [Ref: ID-148]",193,29,3,0,0,0.0714,False,False,2025,11,4,Positive
DEMO-00149,PureAir HEPA Room Air Purifier,Home and Kitchen,Demo Dataset,https://example.com/demo-review-data,Decent performance overall,"To be completely honest about the PureAir HEPA Room Air Purifier, pleasantly surprised by how well it held up over a couple of weeks of daily usage. Would recommend for standard needs. [Ref: ID-149]",4,2025-12-05,False,0,2026-09-14T10:00:00Z,DEMO,"To be completely honest about the PureAir HEPA Room Air Purifier, pleasantly surprised by how well it held up over a couple of weeks of daily usage. Would recommend for standard needs. [Ref: ID-149]","To be completely honest about the PureAir HEPA Room Air Purifier, pleasantly surprised by how well it held up over a couple of weeks of daily usage. Would recommend for standard needs. [Ref: ID-149]",198,34,3,0,0,0.0903,False,False,2025,12,4,Positive
DEMO-00150,HydraGlow Hyaluronic Acid Facial Serum,Beauty and Personal Care,Demo Dataset,https://example.com/demo-review-data,Satisfied with this buy,"<div><b>Satisfied with this buy</b>: Here is my honest take on the HydraGlow Hyaluronic Acid Facial Serum: good functionality and nice aesthetic. A few minor plastic components, but functionally it works very well. [Ref: ID-150] <br/><span>Verified buyer.</span></div>",4,2026-05-11,True,0,2026-09-14T10:00:00Z,DEMO,"<div><b>Satisfied with this buy</b>: Here is my honest take on the HydraGlow Hyaluronic Acid Facial Serum: good functionality and nice aesthetic. A few minor plastic components, but functionally it works very well. [Ref: ID-150] <br/><span>Verified buyer.</span></div>","Satisfied with this buy : Here is my honest take on the HydraGlow Hyaluronic Acid Facial Serum: good functionality and nice aesthetic. A few minor plastic components, but functionally it works very well. [Ref: ID-150] Verified buyer.",233,37,3,0,0,0.0644,False,False,2026,5,2,Positive
DEMO-00151,Designing Data-Intensive Applications,Books,Demo Dataset,https://example.com/demo-review-data,Acceptable for standard use,"My hands-on experience with the Designing Data-Intensive Applications shows that a standard item that matches the product description. Nothing fancy, but serves as an acceptable baseline option. [Ref: ID-151]",3,2026-04-17,True,3,2026-09-14T10:00:00Z,DEMO,"My hands-on experience with the Designing Data-Intensive Applications shows that a standard item that matches the product description. Nothing fancy, but serves as an acceptable baseline option. [Ref: ID-151]","My hands-on experience with the Designing Data-Intensive Applications shows that a standard item that matches the product description. Nothing fancy, but serves as an acceptable baseline option. [Ref: ID-151]",208,29,3,0,0,0.0536,False,False,2026,4,2,Neutral
DEMO-00152,Data Science from Scratch (2nd Edition),Books,Demo Dataset,https://example.com/demo-review-data,Mediocre experience,"Regarding this Data Science from Scratch (2nd Edition), flimsy construction and frustrating ergonomics. It technically works, but is unpleasant to use regularly. [Ref: ID-152]",2,2026-03-18,True,0,2026-09-14T10:00:00Z,DEMO,"Regarding this Data Science from Scratch (2nd Edition), flimsy construction and frustrating ergonomics. It technically works, but is unpleasant to use regularly. [Ref: ID-152]","Regarding this Data Science from Scratch (2nd Edition), flimsy construction and frustrating ergonomics. It technically works, but is unpleasant to use regularly. [Ref: ID-152]",175,24,3,0,0,0.0652,False,False,2026,3,1,Negative
DEMO-00153,SilkTouch Ceramic Hair Straightener,Beauty and Personal Care,Demo Dataset,https://example.com/demo-review-data,It is okay for the price,"Here is my honest take on the SilkTouch Ceramic Hair Straightener: the product arrived as described. It is okay for the price, though there are better alternatives if you spend slightly more. [Ref: ID-153]",3,2025-06-04,True,2,2026-09-14T10:00:00Z,DEMO,"Here is my honest take on the SilkTouch Ceramic Hair Straightener: the product arrived as described. It is okay for the price, though there are better alternatives if you spend slightly more. [Ref: ID-153]","Here is my honest take on the SilkTouch Ceramic Hair Straightener: the product arrived as described. It is okay for the price, though there are better alternatives if you spend slightly more. [Ref: ID-153]",205,34,3,0,0,0.0621,False,False,2025,6,2,Neutral
DEMO-00154,UltraClean Noise-Cancelling Headphones,Electronics,Demo Dataset,https://example.com/demo-review-data,Best purchase of the year,"Regarding this UltraClean Noise-Cancelling Headphones, it delivers flawless performance and is worth every single penny. It feels sturdy, elegant, and genuinely works as advertised. 10/10! [Ref: ID-154]",5,2026-06-13,True,2,2026-09-14T10:00:00Z,DEMO,"Regarding this UltraClean Noise-Cancelling Headphones, it delivers flawless performance and is worth every single penny. It feels sturdy, elegant, and genuinely works as advertised. 10/10! [Ref: ID-154]","Regarding this UltraClean Noise-Cancelling Headphones, it delivers flawless performance and is worth every single penny. It feels sturdy, elegant, and genuinely works as advertised. 10/10! [Ref: ID-154]",202,27,4,1,0,0.0637,False,False,2026,6,2,Positive
DEMO-00155,Designing Data-Intensive Applications,Books,Demo Dataset,https://example.com/demo-review-data,Best purchase of the year,"After reading mixed feedback online, I tried the Designing Data-Intensive Applications and it delivers flawless performance and is worth every single penny. It feels sturdy, elegant, and genuinely works as advertised. 10/10! [Ref: ID-155]",5,2025-09-21,True,0,2026-09-14T10:00:00Z,DEMO,"After reading mixed feedback online, I tried the Designing Data-Intensive Applications and it delivers flawless performance and is worth every single penny. It feels sturdy, elegant, and genuinely works as advertised. 10/10! [Ref: ID-155]","After reading mixed feedback online, I tried the Designing Data-Intensive Applications and it delivers flawless performance and is worth every single penny. It feels sturdy, elegant, and genuinely works as advertised. 10/10! [Ref: ID-155]",238,34,4,1,0,0.0538,False,False,2025,9,3,Positive
DEMO-00156,AromaBreeze Stainless Steel Espresso Maker,Home and Kitchen,Demo Dataset,https://example.com/demo-review-data,Ordinary product without highlights,"We needed a reliable solution and chose the AromaBreeze Stainless Steel Espresso Maker, and does what it says on the box. No major competitive advantages and no catastrophic failures either. [Ref: ID-156]",3,2026-06-10,True,0,2026-09-14T10:00:00Z,DEMO,"We needed a reliable solution and chose the AromaBreeze Stainless Steel Espresso Maker, and does what it says on the box. No major competitive advantages and no catastrophic failures either. [Ref: ID-156]","We needed a reliable solution and chose the AromaBreeze Stainless Steel Espresso Maker, and does what it says on the box. No major competitive advantages and no catastrophic failures either. [Ref: ID-156]",204,32,3,0,0,0.0675,False,False,2026,6,2,Neutral
DEMO-00157,Botanical Herbals Rejuvenating Night Cream,Beauty and Personal Care,Demo Dataset,https://example.com/demo-review-data,Unusable and frustrating,"We needed a reliable solution and chose the Botanical Herbals Rejuvenating Night Cream, and terrible quality control. Began overheating immediately and made strange noises. Disgraceful standard. [Ref: ID-157]",1,2026-06-18,True,2,2026-09-14T10:00:00Z,DEMO,"We needed a reliable solution and chose the Botanical Herbals Rejuvenating Night Cream, and terrible quality control. Began overheating immediately and made strange noises. Disgraceful standard. [Ref: ID-157]","We needed a reliable solution and chose the Botanical Herbals Rejuvenating Night Cream, and terrible quality control. Began overheating immediately and made strange noises. Disgraceful standard. [Ref: ID-157]",208,28,4,0,0,0.0647,False,False,2026,6,2,Negative
DEMO-00158,UltraClean Noise-Cancelling Headphones,Electronics,Demo Dataset,https://example.com/demo-review-data,Below average quality,"We needed a reliable solution and chose the UltraClean Noise-Cancelling Headphones, and the finish peeled slightly and response times are slow. Would suggest looking at competitors instead. [Ref: ID-158]",2,2025-05-07,False,0,2026-09-14T10:00:00Z,DEMO,"We needed a reliable solution and chose the UltraClean Noise-Cancelling Headphones, and the finish peeled slightly and response times are slow. Would suggest looking at competitors instead. [Ref: ID-158]","We needed a reliable solution and chose the UltraClean Noise-Cancelling Headphones, and the finish peeled slightly and response times are slow. Would suggest looking at competitors instead. [Ref: ID-158]",203,29,3,0,0,0.061,False,False,2025,5,2,Negative
DEMO-00159,HydroFlow Insulated Stainless Water Bottle,Sports and Outdoors,Demo Dataset,https://example.com/demo-review-data,Very solid product with minor flaws,"I took a chance on the HydroFlow Insulated Stainless Water Bottle and it performs well for day-to-day tasks. The build is respectable, although the included instructions could have been slightly clearer. [Ref: ID-159]",4,2025-12-01,True,2,2026-09-14T10:00:00Z,DEMO,"I took a chance on the HydroFlow Insulated Stainless Water Bottle and it performs well for day-to-day tasks. The build is respectable, although the included instructions could have been slightly clearer. [Ref: ID-159]","I took a chance on the HydroFlow Insulated Stainless Water Bottle and it performs well for day-to-day tasks. The build is respectable, although the included instructions could have been slightly clearer. [Ref: ID-159]",217,33,3,0,0,0.0636,False,False,2025,12,4,Positive
DEMO-00160,The Pragmatic Programmer: 20th Anniversary,Books,Demo Dataset,https://example.com/demo-review-data,"Average, meets basic expectations","Having ordered the The Pragmatic Programmer: 20th Anniversary last month, it arrived in standard packaging on schedule. Neither particularly impressed nor disappointed. It functions normally. [Ref: ID-160] Check out specs at https://example.com/demo-review-data for more.",3,2025-04-07,True,1,2026-09-14T10:00:00Z,DEMO,"Having ordered the The Pragmatic Programmer: 20th Anniversary last month, it arrived in standard packaging on schedule. Neither particularly impressed nor disappointed. It functions normally. [Ref: ID-160] Check out specs at https://example.com/demo-review-data for more.","Having ordered the The Pragmatic Programmer: 20th Anniversary last month, it arrived in standard packaging on schedule. Neither particularly impressed nor disappointed. It functions normally. [Ref: ID-160] Check out specs at [URL] for more.",240,34,4,0,0,0.0509,True,False,2025,4,2,Neutral
DEMO-00161,SilkTouch Ceramic Hair Straightener,Beauty and Personal Care,Demo Dataset,https://example.com/demo-review-data,Exceptional value and engineering,Here is my honest take on the SilkTouch Ceramic Hair Straightener: incredible reliability and fantastic support. You will certainly not regret buying this. Truly top tier in its category. [Ref: ID-161],5,2025-03-17,True,0,2026-09-14T10:00:00Z,DEMO,Here is my honest take on the SilkTouch Ceramic Hair Straightener: incredible reliability and fantastic support. You will certainly not regret buying this. Truly top tier in its category. [Ref: ID-161],Here is my honest take on the SilkTouch Ceramic Hair Straightener: incredible reliability and fantastic support. You will certainly not regret buying this. Truly top tier in its category. [Ref: ID-161],201,31,4,0,0,0.0688,False,False,2025,3,1,Positive
DEMO-00162,HydroFlow Insulated Stainless Water Bottle,Sports and Outdoors,Demo Dataset,https://example.com/demo-review-data,Best purchase of the year,"To be completely honest about the HydroFlow Insulated Stainless Water Bottle, it delivers flawless performance and is worth every single penny. It feels sturdy, elegant, and genuinely works as advertised. 10/10! [Ref: ID-162]",5,2025-08-22,True,0,2026-09-14T10:00:00Z,DEMO,"To be completely honest about the HydroFlow Insulated Stainless Water Bottle, it delivers flawless performance and is worth every single penny. It feels sturdy, elegant, and genuinely works as advertised. 10/10! [Ref: ID-162]","To be completely honest about the HydroFlow Insulated Stainless Water Bottle, it delivers flawless performance and is worth every single penny. It feels sturdy, elegant, and genuinely works as advertised. 10/10! [Ref: ID-162]",225,33,4,1,0,0.0629,False,False,2025,8,3,Positive
DEMO-00163,ChefMaster 8-Piece Japanese Knife Set,Home and Kitchen,Demo Dataset,https://example.com/demo-review-data,Decent performance overall,"To be completely honest about the ChefMaster 8-Piece Japanese Knife Set, pleasantly surprised by how well it held up over a couple of weeks of daily usage. Would recommend for standard needs. [Ref: ID-163]",4,2026-07-01,True,0,2026-09-14T10:00:00Z,DEMO,"To be completely honest about the ChefMaster 8-Piece Japanese Knife Set, pleasantly surprised by how well it held up over a couple of weeks of daily usage. Would recommend for standard needs. [Ref: ID-163]","To be completely honest about the ChefMaster 8-Piece Japanese Knife Set, pleasantly surprised by how well it held up over a couple of weeks of daily usage. Would recommend for standard needs. [Ref: ID-163]",205,34,3,0,0,0.0688,False,False,2026,7,3,Positive
DEMO-00164,ProGamer Wireless Mechanical Keyboard,Electronics,Demo Dataset,https://example.com/demo-review-data,Do not buy this!,"Right out of the packaging, the ProGamer Wireless Mechanical Keyboard total junk. Smelled strange, failed within minutes, and caused endless headaches trying to get a refund. [Ref: ID-164]",1,2026-08-13,True,5,2026-09-14T10:00:00Z,DEMO,"Right out of the packaging, the ProGamer Wireless Mechanical Keyboard total junk. Smelled strange, failed within minutes, and caused endless headaches trying to get a refund. [Ref: ID-164]","Right out of the packaging, the ProGamer Wireless Mechanical Keyboard total junk. Smelled strange, failed within minutes, and caused endless headaches trying to get a refund. [Ref: ID-164]",188,28,3,0,0,0.0671,False,False,2026,8,3,Negative
DEMO-00165,Designing Data-Intensive Applications,Books,Demo Dataset,https://example.com/demo-review-data,Good quality for the price,"To be completely honest about the Designing Data-Intensive Applications, the materials feel decent and it does its job smoothly. Delivery was fast and packaging was secure. Overall quite satisfied. [Ref: ID-165]",4,2026-08-28,True,0,2026-09-14T10:00:00Z,DEMO,"To be completely honest about the Designing Data-Intensive Applications, the materials feel decent and it does its job smoothly. Delivery was fast and packaging was secure. Overall quite satisfied. [Ref: ID-165]","To be completely honest about the Designing Data-Intensive Applications, the materials feel decent and it does its job smoothly. Delivery was fast and packaging was secure. Overall quite satisfied. [Ref: ID-165]",211,31,4,0,0,0.0592,False,False,2026,8,3,Positive
DEMO-00167,Designing Data-Intensive Applications,Books,Demo Dataset,https://example.com/demo-review-data,Complete waste of money,"Purchased the Designing Data-Intensive Applications recently after comparing several options, terrible product. It stopped working after one day and support was completely unhelpful. Avoid at all costs! [Ref: ID-167]",1,2025-01-15,True,3,2026-09-14T10:00:00Z,DEMO,"Purchased the Designing Data-Intensive Applications recently after comparing several options, terrible product. It stopped working after one day and support was completely unhelpful. Avoid at all costs! [Ref: ID-167]","Purchased the Designing Data-Intensive Applications recently after comparing several options, terrible product. It stopped working after one day and support was completely unhelpful. Avoid at all costs! [Ref: ID-167]",216,29,4,1,0,0.0568,False,False,2025,1,1,Negative
DEMO-00168,Data Science from Scratch (2nd Edition),Books,Demo Dataset,https://example.com/demo-review-data,Decent performance overall,"After extensive daily use of the Data Science from Scratch (2nd Edition), pleasantly surprised by how well it held up over a couple of weeks of daily usage. Would recommend for standard needs. [Ref: ID-168]",4,2025-07-03,True,2,2026-09-14T10:00:00Z,DEMO,"After extensive daily use of the Data Science from Scratch (2nd Edition), pleasantly surprised by how well it held up over a couple of weeks of daily usage. Would recommend for standard needs. [Ref: ID-168]","After extensive daily use of the Data Science from Scratch (2nd Edition), pleasantly surprised by how well it held up over a couple of weeks of daily usage. Would recommend for standard needs. [Ref: ID-168]",206,35,3,0,0,0.0566,False,False,2025,7,3,Positive
DEMO-00169,ProGamer Wireless Mechanical Keyboard,Electronics,Demo Dataset,https://example.com/demo-review-data,Below average quality,"Having ordered the ProGamer Wireless Mechanical Keyboard last month, the finish peeled slightly and response times are slow. Would suggest looking at competitors instead. [Ref: ID-169]",2,2026-02-21,True,0,2026-09-14T10:00:00Z,DEMO,"Having ordered the ProGamer Wireless Mechanical Keyboard last month, the finish peeled slightly and response times are slow. Would suggest looking at competitors instead. [Ref: ID-169]","Having ordered the ProGamer Wireless Mechanical Keyboard last month, the finish peeled slightly and response times are slow. Would suggest looking at competitors instead. [Ref: ID-169]",184,26,3,0,0,0.0671,False,False,2026,2,1,Negative
DEMO-00170,ChefMaster 8-Piece Japanese Knife Set,Home and Kitchen,Demo Dataset,https://example.com/demo-review-data,Satisfied with this buy,"Having ordered the ChefMaster 8-Piece Japanese Knife Set last month, good functionality and nice aesthetic. A few minor plastic components, but functionally it works very well. [Ref: ID-170]",4,2026-07-10,True,7,2026-09-14T10:00:00Z,DEMO,"Having ordered the ChefMaster 8-Piece Japanese Knife Set last month, good functionality and nice aesthetic. A few minor plastic components, but functionally it works very well. [Ref: ID-170]","Having ordered the ChefMaster 8-Piece Japanese Knife Set last month, good functionality and nice aesthetic. A few minor plastic components, but functionally it works very well. [Ref: ID-170]",190,28,3,0,0,0.0733,False,False,2026,7,3,Positive
DEMO-00171,The Pragmatic Programmer: 20th Anniversary,Books,Demo Dataset,https://example.com/demo-review-data,Decent performance overall,My hands-on experience with the The Pragmatic Programmer: 20th Anniversary shows that pleasantly surprised by how well it held up over a couple of weeks of daily usage. Would recommend for standard needs. [Ref: ID-171],4,2026-07-29,True,0,2026-09-14T10:00:00Z,DEMO,My hands-on experience with the The Pragmatic Programmer: 20th Anniversary shows that pleasantly surprised by how well it held up over a couple of weeks of daily usage. Would recommend for standard needs. [Ref: ID-171],My hands-on experience with the The Pragmatic Programmer: 20th Anniversary shows that pleasantly surprised by how well it held up over a couple of weeks of daily usage. Would recommend for standard needs. [Ref: ID-171],218,35,3,0,0,0.0526,False,False,2026,7,3,Positive
DEMO-00172,ProGamer Wireless Mechanical Keyboard,Electronics,Demo Dataset,https://example.com/demo-review-data,Absolutely phenomenal quality!,"After reading mixed feedback online, I tried the ProGamer Wireless Mechanical Keyboard and it completely exceeded every expectation. Superb craftsmanship, lightning-fast setup, and premium durability. Highly recommend to everyone! [Ref: ID-172]",5,2025-10-01,True,0,2026-09-14T10:00:00Z,DEMO,"After reading mixed feedback online, I tried the ProGamer Wireless Mechanical Keyboard and it completely exceeded every expectation. Superb craftsmanship, lightning-fast setup, and premium durability. Highly recommend to everyone! [Ref: ID-172]","After reading mixed feedback online, I tried the ProGamer Wireless Mechanical Keyboard and it completely exceeded every expectation. Superb craftsmanship, lightning-fast setup, and premium durability. Highly recommend to everyone! [Ref: ID-172]",244,31,4,1,0,0.06,False,False,2025,10,4,Positive
DEMO-00173,TrailBlazer Lightweight Trekking Poles,Sports and Outdoors,Demo Dataset,https://example.com/demo-review-data,Satisfied with this buy,"Regarding this TrailBlazer Lightweight Trekking Poles, good functionality and nice aesthetic. A few minor plastic components, but functionally it works very well. [Ref: ID-173]",4,2025-06-22,True,0,2026-09-14T10:00:00Z,DEMO,"Regarding this TrailBlazer Lightweight Trekking Poles, good functionality and nice aesthetic. A few minor plastic components, but functionally it works very well. [Ref: ID-173]","Regarding this TrailBlazer Lightweight Trekking Poles, good functionality and nice aesthetic. A few minor plastic components, but functionally it works very well. [Ref: ID-173]",176,24,3,0,0,0.0704,False,False,2025,6,2,Positive
DEMO-00174,Vision4K Smart Streaming Dongle,Electronics,Demo Dataset,https://example.com/demo-review-data,Absolutely phenomenal quality!,"I have been testing this Vision4K Smart Streaming Dongle for several weeks now and it completely exceeded every expectation. Superb craftsmanship, lightning-fast setup, and premium durability. Highly recommend to everyone! [Ref: ID-174]",5,2025-11-20,True,0,2026-09-14T10:00:00Z,DEMO,"I have been testing this Vision4K Smart Streaming Dongle for several weeks now and it completely exceeded every expectation. Superb craftsmanship, lightning-fast setup, and premium durability. Highly recommend to everyone! [Ref: ID-174]","I have been testing this Vision4K Smart Streaming Dongle for several weeks now and it completely exceeded every expectation. Superb craftsmanship, lightning-fast setup, and premium durability. Highly recommend to everyone! [Ref: ID-174]",236,32,4,1,0,0.0576,False,False,2025,11,4,Positive
DEMO-00175,AromaBreeze Stainless Steel Espresso Maker,Home and Kitchen,Demo Dataset,https://example.com/demo-review-data,"Average, meets basic expectations",   I took a chance on the Ar    omaBreeze Stainless Steel Espresso Maker and it arrived in standard packaging on schedule. Neither particularly impressed nor disappointed. It functions normally. [Ref: ID-175]   ,3,2025-10-11,True,1,2026-09-14T10:00:00Z,DEMO,   I took a chance on the Ar    omaBreeze Stainless Steel Espresso Maker and it arrived in standard packaging on schedule. Neither particularly impressed nor disappointed. It functions normally. [Ref: ID-175]   ,I took a chance on the Ar omaBreeze Stainless Steel Espresso Maker and it arrived in standard packaging on schedule. Neither particularly impressed nor disappointed. It functions normally. [Ref: ID-175],202,30,4,0,0,0.0736,False,False,2025,10,4,Neutral
DEMO-00176,AromaBreeze Stainless Steel Espresso Maker,Home and Kitchen,Demo Dataset,https://example.com/demo-review-data,Best purchase of the year,"To be completely honest about the AromaBreeze Stainless Steel Espresso Maker, it delivers flawless performance and is worth every single penny. It feels sturdy, elegant, and genuinely works as advertised. 10/10! [Ref: ID-176]",5,2025-05-19,True,0,2026-09-14T10:00:00Z,DEMO,"To be completely honest about the AromaBreeze Stainless Steel Espresso Maker, it delivers flawless performance and is worth every single penny. It feels sturdy, elegant, and genuinely works as advertised. 10/10! [Ref: ID-176]","To be completely honest about the AromaBreeze Stainless Steel Espresso Maker, it delivers flawless performance and is worth every single penny. It feels sturdy, elegant, and genuinely works as advertised. 10/10! [Ref: ID-176]",225,33,4,1,0,0.0629,False,False,2025,5,2,Positive
DEMO-00177,Vision4K Smart Streaming Dongle,Electronics,Demo Dataset,https://example.com/demo-review-data,Good quality for the price,"To be completely honest about the Vision4K Smart Streaming Dongle, the materials feel decent and it does its job smoothly. Delivery was fast and packaging was secure. Overall quite satisfied. [Ref: ID-177]",4,2025-06-28,True,3,2026-09-14T10:00:00Z,DEMO,"To be completely honest about the Vision4K Smart Streaming Dongle, the materials feel decent and it does its job smoothly. Delivery was fast and packaging was secure. Overall quite satisfied. [Ref: ID-177]","To be completely honest about the Vision4K Smart Streaming Dongle, the materials feel decent and it does its job smoothly. Delivery was fast and packaging was secure. Overall quite satisfied. [Ref: ID-177]",205,32,4,0,0,0.0679,False,False,2025,6,2,Positive
DEMO-00178,SilkTouch Ceramic Hair Straightener,Beauty and Personal Care,Demo Dataset,https://example.com/demo-review-data,Disappointing longevity,"I took a chance on the SilkTouch Ceramic Hair Straightener and worked fine for the first two weeks, then started showing signs of wear and inconsistent behavior. Not really worth the hassle. [Ref: ID-178]",2,2025-11-04,True,0,2026-09-14T10:00:00Z,DEMO,"I took a chance on the SilkTouch Ceramic Hair Straightener and worked fine for the first two weeks, then started showing signs of wear and inconsistent behavior. Not really worth the hassle. [Ref: ID-178]","I took a chance on the SilkTouch Ceramic Hair Straightener and worked fine for the first two weeks, then started showing signs of wear and inconsistent behavior. Not really worth the hassle. [Ref: ID-178]",204,34,3,0,0,0.0621,False,False,2025,11,4,Negative
DEMO-00179,HydroFlow Insulated Stainless Water Bottle,Sports and Outdoors,Demo Dataset,https://example.com/demo-review-data,Very solid product with minor flaws,"After extensive daily use of the HydroFlow Insulated Stainless Water Bottle, it performs well for day-to-day tasks. The build is respectable, although the included instructions could have been slightly clearer. [Ref: ID-179]",4,2026-06-16,True,6,2026-09-14T10:00:00Z,DEMO,"After extensive daily use of the HydroFlow Insulated Stainless Water Bottle, it performs well for day-to-day tasks. The build is respectable, although the included instructions could have been slightly clearer. [Ref: ID-179]","After extensive daily use of the HydroFlow Insulated Stainless Water Bottle, it performs well for day-to-day tasks. The build is respectable, although the included instructions could have been slightly clearer. [Ref: ID-179]",224,32,3,0,0,0.0611,False,False,2026,6,2,Positive
DEMO-00180,HydraGlow Hyaluronic Acid Facial Serum,Beauty and Personal Care,Demo Dataset,https://example.com/demo-review-data,Delighted with this purchase!,"<div><b>Delighted with this purchase!</b>: I have been testing this HydraGlow Hyaluronic Acid Facial Serum for several weeks now and smooth operation, gorgeous finish, and effortless usability. Will definitely be purchasing more from this line. [Ref: ID-180] <br/><span>Verified buyer.</span></div>",5,2026-02-28,True,0,2026-09-14T10:00:00Z,DEMO,"<div><b>Delighted with this purchase!</b>: I have been testing this HydraGlow Hyaluronic Acid Facial Serum for several weeks now and smooth operation, gorgeous finish, and effortless usability. Will definitely be purchasing more from this line. [Ref: ID-180] <br/><span>Verified buyer.</span></div>","Delighted with this purchase! : I have been testing this HydraGlow Hyaluronic Acid Facial Serum for several weeks now and smooth operation, gorgeous finish, and effortless usability. Will definitely be purchasing more from this line. [Ref: ID-180] Verified buyer.",263,39,4,1,0,0.0568,False,False,2026,2,1,Positive
DEMO-00181,Botanical Herbals Rejuvenating Night Cream,Beauty and Personal Care,Demo Dataset,https://example.com/demo-review-data,Exceptional value and engineering,"We needed a reliable solution and chose the Botanical Herbals Rejuvenating Night Cream, and incredible reliability and fantastic support. You will certainly not regret buying this. Truly top tier in its category. [Ref: ID-181]",5,2025-07-25,False,0,2026-09-14T10:00:00Z,DEMO,"We needed a reliable solution and chose the Botanical Herbals Rejuvenating Night Cream, and incredible reliability and fantastic support. You will certainly not regret buying this. Truly top tier in its category. [Ref: ID-181]","We needed a reliable solution and chose the Botanical Herbals Rejuvenating Night Cream, and incredible reliability and fantastic support. You will certainly not regret buying this. Truly top tier in its category. [Ref: ID-181]",226,34,4,0,0,0.0604,False,False,2025,7,3,Positive
DEMO-00182,AromaBreeze Stainless Steel Espresso Maker,Home and Kitchen,Demo Dataset,https://example.com/demo-review-data,Delighted with this purchase!,"After reading mixed feedback online, I tried the AromaBreeze Stainless Steel Espresso Maker and smooth operation, gorgeous finish, and effortless usability. Will definitely be purchasing more from this line. [Ref: ID-182]",5,2025-04-07,True,0,2026-09-14T10:00:00Z,DEMO,"After reading mixed feedback online, I tried the AromaBreeze Stainless Steel Espresso Maker and smooth operation, gorgeous finish, and effortless usability. Will definitely be purchasing more from this line. [Ref: ID-182]","After reading mixed feedback online, I tried the AromaBreeze Stainless Steel Espresso Maker and smooth operation, gorgeous finish, and effortless usability. Will definitely be purchasing more from this line. [Ref: ID-182]",221,31,3,0,0,0.067,False,False,2025,4,2,Positive
DEMO-00183,AromaBreeze Stainless Steel Espresso Maker,Home and Kitchen,Demo Dataset,https://example.com/demo-review-data,It is okay for the price,"Right out of the packaging, the AromaBreeze Stainless Steel Espresso Maker the product arrived as described. It is okay for the price, though there are better alternatives if you spend slightly more. [Ref: ID-183]",3,2025-10-27,True,4,2026-09-14T10:00:00Z,DEMO,"Right out of the packaging, the AromaBreeze Stainless Steel Espresso Maker the product arrived as described. It is okay for the price, though there are better alternatives if you spend slightly more. [Ref: ID-183]","Right out of the packaging, the AromaBreeze Stainless Steel Espresso Maker the product arrived as described. It is okay for the price, though there are better alternatives if you spend slightly more. [Ref: ID-183]",213,34,3,0,0,0.0651,False,False,2025,10,4,Neutral
DEMO-00184,TrailBlazer Lightweight Trekking Poles,Sports and Outdoors,Demo Dataset,https://example.com/demo-review-data,Delighted with this purchase!,"I have been testing this TrailBlazer Lightweight Trekking Poles for several weeks now and smooth operation, gorgeous finish, and effortless usability. Will definitely be purchasing more from this line. [Ref: ID-184]",5,2025-06-08,False,0,2026-09-14T10:00:00Z,DEMO,"I have been testing this TrailBlazer Lightweight Trekking Poles for several weeks now and smooth operation, gorgeous finish, and effortless usability. Will definitely be purchasing more from this line. [Ref: ID-184]","I have been testing this TrailBlazer Lightweight Trekking Poles for several weeks now and smooth operation, gorgeous finish, and effortless usability. Will definitely be purchasing more from this line. [Ref: ID-184]",215,31,3,0,0,0.0575,False,False,2025,6,2,Positive
DEMO-00185,Botanical Herbals Rejuvenating Night Cream,Beauty and Personal Care,Demo Dataset,https://example.com/demo-review-data,Below average quality,"Right out of the packaging, the Botanical Herbals Rejuvenating Night Cream the finish peeled slightly and response times are slow. Would suggest looking at competitors instead. [Ref: ID-185]",2,2026-09-04,True,1,2026-09-14T10:00:00Z,DEMO,"Right out of the packaging, the Botanical Herbals Rejuvenating Night Cream the finish peeled slightly and response times are slow. Would suggest looking at competitors instead. [Ref: ID-185]","Right out of the packaging, the Botanical Herbals Rejuvenating Night Cream the finish peeled slightly and response times are slow. Would suggest looking at competitors instead. [Ref: ID-185]",190,28,3,0,0,0.0654,False,False,2026,9,3,Negative
DEMO-00186,HydraGlow Hyaluronic Acid Facial Serum,Beauty and Personal Care,Demo Dataset,https://example.com/demo-review-data,It is okay for the price,"I have been testing this HydraGlow Hyaluronic Acid Facial Serum for several weeks now and the product arrived as described. It is okay for the price, though there are better alternatives if you spend slightly more. [Ref: ID-186]",3,2026-06-12,False,3,2026-09-14T10:00:00Z,DEMO,"I have been testing this HydraGlow Hyaluronic Acid Facial Serum for several weeks now and the product arrived as described. It is okay for the price, though there are better alternatives if you spend slightly more. [Ref: ID-186]","I have been testing this HydraGlow Hyaluronic Acid Facial Serum for several weeks now and the product arrived as described. It is okay for the price, though there are better alternatives if you spend slightly more. [Ref: ID-186]",228,38,3,0,0,0.0608,False,False,2026,6,2,Neutral
DEMO-00187,The Pragmatic Programmer: 20th Anniversary,Books,Demo Dataset,https://example.com/demo-review-data,Absolutely phenomenal quality!,"We needed a reliable solution and chose the The Pragmatic Programmer: 20th Anniversary, and it completely exceeded every expectation. Superb craftsmanship, lightning-fast setup, and premium durability. Highly recommend to everyone! [Ref: ID-187]",5,2025-12-09,True,0,2026-09-14T10:00:00Z,DEMO,"We needed a reliable solution and chose the The Pragmatic Programmer: 20th Anniversary, and it completely exceeded every expectation. Superb craftsmanship, lightning-fast setup, and premium durability. Highly recommend to everyone! [Ref: ID-187]","We needed a reliable solution and chose the The Pragmatic Programmer: 20th Anniversary, and it completely exceeded every expectation. Superb craftsmanship, lightning-fast setup, and premium durability. Highly recommend to everyone! [Ref: ID-187]",245,32,4,1,0,0.0508,False,False,2025,12,4,Positive
DEMO-00188,Botanical Herbals Rejuvenating Night Cream,Beauty and Personal Care,Demo Dataset,https://example.com/demo-review-data,Decent performance overall,"After reading mixed feedback online, I tried the Botanical Herbals Rejuvenating Night Cream and pleasantly surprised by how well it held up over a couple of weeks of daily usage. Would recommend for standard needs. [Ref: ID-188]",4,2026-05-09,True,0,2026-09-14T10:00:00Z,DEMO,"After reading mixed feedback online, I tried the Botanical Herbals Rejuvenating Night Cream and pleasantly surprised by how well it held up over a couple of weeks of daily usage. Would recommend for standard needs. [Ref: ID-188]","After reading mixed feedback online, I tried the Botanical Herbals Rejuvenating Night Cream and pleasantly surprised by how well it held up over a couple of weeks of daily usage. Would recommend for standard needs. [Ref: ID-188]",228,37,3,0,0,0.0604,False,False,2026,5,2,Positive
DEMO-00189,ChefMaster 8-Piece Japanese Knife Set,Home and Kitchen,Demo Dataset,https://example.com/demo-review-data,Best purchase of the year,"After reading mixed feedback online, I tried the ChefMaster 8-Piece Japanese Knife Set and it delivers flawless performance and is worth every single penny. It feels sturdy, elegant, and genuinely works as advertised. 10/10! [Ref: ID-189]",5,2026-04-01,True,0,2026-09-14T10:00:00Z,DEMO,"After reading mixed feedback online, I tried the ChefMaster 8-Piece Japanese Knife Set and it delivers flawless performance and is worth every single penny. It feels sturdy, elegant, and genuinely works as advertised. 10/10! [Ref: ID-189]","After reading mixed feedback online, I tried the ChefMaster 8-Piece Japanese Knife Set and it delivers flawless performance and is worth every single penny. It feels sturdy, elegant, and genuinely works as advertised. 10/10! [Ref: ID-189]",238,36,4,1,0,0.0656,False,False,2026,4,2,Positive
DEMO-00190,HydroFlow Insulated Stainless Water Bottle,Sports and Outdoors,Demo Dataset,https://example.com/demo-review-data,Mediocre experience,"I took a chance on the HydroFlow Insulated Stainless Water Bottle and flimsy construction and frustrating ergonomics. It technically works, but is unpleasant to use regularly. [Ref: ID-190]",2,2025-08-10,True,0,2026-09-14T10:00:00Z,DEMO,"I took a chance on the HydroFlow Insulated Stainless Water Bottle and flimsy construction and frustrating ergonomics. It technically works, but is unpleasant to use regularly. [Ref: ID-190]","I took a chance on the HydroFlow Insulated Stainless Water Bottle and flimsy construction and frustrating ergonomics. It technically works, but is unpleasant to use regularly. [Ref: ID-190]",189,28,3,0,0,0.0724,False,False,2025,8,3,Negative
DEMO-00191,ApexFit Resistance Band Training Set,Sports and Outdoors,Demo Dataset,https://example.com/demo-review-data,Unusable and frustrating,"We needed a reliable solution and chose the ApexFit Resistance Band Training Set, and terrible quality control. Began overheating immediately and made strange noises. Disgraceful standard. [Ref: ID-191]",1,2025-04-13,True,0,2026-09-14T10:00:00Z,DEMO,"We needed a reliable solution and chose the ApexFit Resistance Band Training Set, and terrible quality control. Began overheating immediately and made strange noises. Disgraceful standard. [Ref: ID-191]","We needed a reliable solution and chose the ApexFit Resistance Band Training Set, and terrible quality control. Began overheating immediately and made strange noises. Disgraceful standard. [Ref: ID-191]",202,28,4,0,0,0.0732,False,False,2025,4,2,Negative
DEMO-00192,ApexFit Resistance Band Training Set,Sports and Outdoors,Demo Dataset,https://example.com/demo-review-data,It is okay for the price,"Regarding this ApexFit Resistance Band Training Set, the product arrived as described. It is okay for the price, though there are better alternatives if you spend slightly more. [Ref: ID-192]",3,2026-01-06,True,11,2026-09-14T10:00:00Z,DEMO,"Regarding this ApexFit Resistance Band Training Set, the product arrived as described. It is okay for the price, though there are better alternatives if you spend slightly more. [Ref: ID-192]","Regarding this ApexFit Resistance Band Training Set, the product arrived as described. It is okay for the price, though there are better alternatives if you spend slightly more. [Ref: ID-192]",191,30,3,0,0,0.0728,False,False,2026,1,1,Neutral
DEMO-00193,ProGamer Wireless Mechanical Keyboard,Electronics,Demo Dataset,https://example.com/demo-review-data,Exceptional value and engineering,"Regarding this ProGamer Wireless Mechanical Keyboard, incredible reliability and fantastic support. You will certainly not regret buying this. Truly top tier in its category. [Ref: ID-193]",5,2026-07-23,False,0,2026-09-14T10:00:00Z,DEMO,"Regarding this ProGamer Wireless Mechanical Keyboard, incredible reliability and fantastic support. You will certainly not regret buying this. Truly top tier in its category. [Ref: ID-193]","Regarding this ProGamer Wireless Mechanical Keyboard, incredible reliability and fantastic support. You will certainly not regret buying this. Truly top tier in its category. [Ref: ID-193]",188,26,4,0,0,0.0724,False,False,2026,7,3,Positive
DEMO-00194,Designing Data-Intensive Applications,Books,Demo Dataset,https://example.com/demo-review-data,Unusable and frustrating,"Having ordered the Designing Data-Intensive Applications last month, terrible quality control. Began overheating immediately and made strange noises. Disgraceful standard. [Ref: ID-194]",1,2025-01-24,False,2,2026-09-14T10:00:00Z,DEMO,"Having ordered the Designing Data-Intensive Applications last month, terrible quality control. Began overheating immediately and made strange noises. Disgraceful standard. [Ref: ID-194]","Having ordered the Designing Data-Intensive Applications last month, terrible quality control. Began overheating immediately and made strange noises. Disgraceful standard. [Ref: ID-194]",185,22,4,0,0,0.0658,False,False,2025,1,1,Negative
DEMO-00195,ProGamer Wireless Mechanical Keyboard,Electronics,Demo Dataset,https://example.com/demo-review-data,Outstanding build and reliability,"After extensive daily use of the ProGamer Wireless Mechanical Keyboard, the attention to detail is truly impressive. Works brilliantly right out of the box and has made a noticeable improvement in our routine. [Ref: ID-195]",5,2026-03-23,True,0,2026-09-14T10:00:00Z,DEMO,"After extensive daily use of the ProGamer Wireless Mechanical Keyboard, the attention to detail is truly impressive. Works brilliantly right out of the box and has made a noticeable improvement in our routine. [Ref: ID-195]","After extensive daily use of the ProGamer Wireless Mechanical Keyboard, the attention to detail is truly impressive. Works brilliantly right out of the box and has made a noticeable improvement in our routine. [Ref: ID-195]",223,35,3,0,0,0.0559,False,False,2026,3,1,Positive
DEMO-00196,Data Science from Scratch (2nd Edition),Books,Demo Dataset,https://example.com/demo-review-data,It is okay for the price,"My hands-on experience with the Data Science from Scratch (2nd Edition) shows that the product arrived as described. It is okay for the price, though there are better alternatives if you spend slightly more. [Ref: ID-196]",3,2025-02-14,False,0,2026-09-14T10:00:00Z,DEMO,"My hands-on experience with the Data Science from Scratch (2nd Edition) shows that the product arrived as described. It is okay for the price, though there are better alternatives if you spend slightly more. [Ref: ID-196]","My hands-on experience with the Data Science from Scratch (2nd Edition) shows that the product arrived as described. It is okay for the price, though there are better alternatives if you spend slightly more. [Ref: ID-196]",221,36,3,0,0,0.0523,False,False,2025,2,1,Neutral
DEMO-00197,SilkTouch Ceramic Hair Straightener,Beauty and Personal Care,Demo Dataset,https://example.com/demo-review-data,It is okay for the price,"Here is my honest take on the SilkTouch Ceramic Hair Straightener: the product arrived as described. It is okay for the price, though there are better alternatives if you spend slightly more. [Ref: ID-197]",3,2025-04-18,False,0,2026-09-14T10:00:00Z,DEMO,"Here is my honest take on the SilkTouch Ceramic Hair Straightener: the product arrived as described. It is okay for the price, though there are better alternatives if you spend slightly more. [Ref: ID-197]","Here is my honest take on the SilkTouch Ceramic Hair Straightener: the product arrived as described. It is okay for the price, though there are better alternatives if you spend slightly more. [Ref: ID-197]",205,34,3,0,0,0.0621,False,False,2025,4,2,Neutral
DEMO-00198,Vision4K Smart Streaming Dongle,Electronics,Demo Dataset,https://example.com/demo-review-data,Acceptable for standard use,"Purchased the Vision4K Smart Streaming Dongle recently after comparing several options, a standard item that matches the product description. Nothing fancy, but serves as an acceptable baseline option. [Ref: ID-198]",3,2025-06-02,True,2,2026-09-14T10:00:00Z,DEMO,"Purchased the Vision4K Smart Streaming Dongle recently after comparing several options, a standard item that matches the product description. Nothing fancy, but serves as an acceptable baseline option. [Ref: ID-198]","Purchased the Vision4K Smart Streaming Dongle recently after comparing several options, a standard item that matches the product description. Nothing fancy, but serves as an acceptable baseline option. [Ref: ID-198]",215,30,3,0,0,0.0575,False,False,2025,6,2,Neutral
DEMO-00199,PureAir HEPA Room Air Purifier,Home and Kitchen,Demo Dataset,https://example.com/demo-review-data,Below average quality,"To be completely honest about the PureAir HEPA Room Air Purifier, the finish peeled slightly and response times are slow. Would suggest looking at competitors instead. [Ref: ID-199]",2,2026-04-17,True,1,2026-09-14T10:00:00Z,DEMO,"To be completely honest about the PureAir HEPA Room Air Purifier, the finish peeled slightly and response times are slow. Would suggest looking at competitors instead. [Ref: ID-199]","To be completely honest about the PureAir HEPA Room Air Purifier, the finish peeled slightly and response times are slow. Would suggest looking at competitors instead. [Ref: ID-199]",181,28,3,0,0,0.0972,False,False,2026,4,2,Negative
DEMO-00200,TrailBlazer Lightweight Trekking Poles,Sports and Outdoors,Demo Dataset,https://example.com/demo-review-data,Decent performance overall,"Right out of the packaging, the TrailBlazer Lightweight Trekking Poles pleasantly surprised by how well it held up over a couple of weeks of daily usage. Would recommend for standard needs. [Ref: ID-200] Check out specs at https://example.com/demo-review-data for more.",4,2025-12-21,True,1,2026-09-14T10:00:00Z,DEMO,"Right out of the packaging, the TrailBlazer Lightweight Trekking Poles pleasantly surprised by how well it held up over a couple of weeks of daily usage. Would recommend for standard needs. [Ref: ID-200] Check out specs at https://example.com/demo-review-data for more.","Right out of the packaging, the TrailBlazer Lightweight Trekking Poles pleasantly surprised by how well it held up over a couple of weeks of daily usage. Would recommend for standard needs. [Ref: ID-200] Check out specs at [URL] for more.",238,40,3,0,0,0.0519,True,False,2025,12,4,Positive
DEMO-00201,The Pragmatic Programmer: 20th Anniversary,Books,Demo Dataset,https://example.com/demo-review-data,Very solid product with minor flaws,"Purchased the The Pragmatic Programmer: 20th Anniversary recently after comparing several options, it performs well for day-to-day tasks. The build is respectable, although the included instructions could have been slightly clearer. [Ref: ID-201]",4,2026-08-01,False,2,2026-09-14T10:00:00Z,DEMO,"Purchased the The Pragmatic Programmer: 20th Anniversary recently after comparing several options, it performs well for day-to-day tasks. The build is respectable, although the included instructions could have been slightly clearer. [Ref: ID-201]","Purchased the The Pragmatic Programmer: 20th Anniversary recently after comparing several options, it performs well for day-to-day tasks. The build is respectable, although the included instructions could have been slightly clearer. [Ref: ID-201]",246,33,3,0,0,0.0455,False,False,2026,8,3,Positive
DEMO-00202,HydraGlow Hyaluronic Acid Facial Serum,Beauty and Personal Care,Demo Dataset,https://example.com/demo-review-data,Exceptional value and engineering,"After reading mixed feedback online, I tried the HydraGlow Hyaluronic Acid Facial Serum and incredible reliability and fantastic support. You will certainly not regret buying this. Truly top tier in its category. [Ref: ID-202]",5,2025-03-12,False,0,2026-09-14T10:00:00Z,DEMO,"After reading mixed feedback online, I tried the HydraGlow Hyaluronic Acid Facial Serum and incredible reliability and fantastic support. You will certainly not regret buying this. Truly top tier in its category. [Ref: ID-202]","After reading mixed feedback online, I tried the HydraGlow Hyaluronic Acid Facial Serum and incredible reliability and fantastic support. You will certainly not regret buying this. Truly top tier in its category. [Ref: ID-202]",226,34,4,0,0,0.0714,False,False,2025,3,1,Positive
DEMO-00203,ChefMaster 8-Piece Japanese Knife Set,Home and Kitchen,Demo Dataset,https://example.com/demo-review-data,Delighted with this purchase!,"Having ordered the ChefMaster 8-Piece Japanese Knife Set last month, smooth operation, gorgeous finish, and effortless usability. Will definitely be purchasing more from this line. [Ref: ID-203]",5,2026-07-20,False,0,2026-09-14T10:00:00Z,DEMO,"Having ordered the ChefMaster 8-Piece Japanese Knife Set last month, smooth operation, gorgeous finish, and effortless usability. Will definitely be purchasing more from this line. [Ref: ID-203]","Having ordered the ChefMaster 8-Piece Japanese Knife Set last month, smooth operation, gorgeous finish, and effortless usability. Will definitely be purchasing more from this line. [Ref: ID-203]",194,27,3,0,0,0.0714,False,False,2026,7,3,Positive
DEMO-00204,Designing Data-Intensive Applications,Books,Demo Dataset,https://example.com/demo-review-data,Dependable and practical,"Having ordered the Designing Data-Intensive Applications last month, works as expected with consistent results. A slight learning curve at first, but smooth sailing afterwards. [Ref: ID-204]",4,2026-06-14,True,1,2026-09-14T10:00:00Z,DEMO,"Having ordered the Designing Data-Intensive Applications last month, works as expected with consistent results. A slight learning curve at first, but smooth sailing afterwards. [Ref: ID-204]","Having ordered the Designing Data-Intensive Applications last month, works as expected with consistent results. A slight learning curve at first, but smooth sailing afterwards. [Ref: ID-204]",190,26,3,0,0,0.0588,False,False,2026,6,2,Positive
DEMO-00205,Designing Data-Intensive Applications,Books,Demo Dataset,https://example.com/demo-review-data,Dependable and practical,"Having ordered the Designing Data-Intensive Applications last month, works as expected with consistent results. A slight learning curve at first, but smooth sailing afterwards. [Ref: ID-205]",4,2025-03-09,True,1,2026-09-14T10:00:00Z,DEMO,"Having ordered the Designing Data-Intensive Applications last month, works as expected with consistent results. A slight learning curve at first, but smooth sailing afterwards. [Ref: ID-205]","Having ordered the Designing Data-Intensive Applications last month, works as expected with consistent results. A slight learning curve at first, but smooth sailing afterwards. [Ref: ID-205]",190,26,3,0,0,0.0588,False,False,2025,3,1,Positive
DEMO-00206,Botanical Herbals Rejuvenating Night Cream,Beauty and Personal Care,Demo Dataset,https://example.com/demo-review-data,Exceptional value and engineering,My hands-on experience with the Botanical Herbals Rejuvenating Night Cream shows that incredible reliability and fantastic support. You will certainly not regret buying this. Truly top tier in its category. [Ref: ID-206],5,2026-04-05,False,3,2026-09-14T10:00:00Z,DEMO,My hands-on experience with the Botanical Herbals Rejuvenating Night Cream shows that incredible reliability and fantastic support. You will certainly not regret buying this. Truly top tier in its category. [Ref: ID-206],My hands-on experience with the Botanical Herbals Rejuvenating Night Cream shows that incredible reliability and fantastic support. You will certainly not regret buying this. Truly top tier in its category. [Ref: ID-206],220,32,4,0,0,0.0618,False,False,2026,4,2,Positive
DEMO-00207,SilkTouch Ceramic Hair Straightener,Beauty and Personal Care,Demo Dataset,https://example.com/demo-review-data,Best purchase of the year,"Purchased the SilkTouch Ceramic Hair Straightener recently after comparing several options, it delivers flawless performance and is worth every single penny. It feels sturdy, elegant, and genuinely works as advertised. 10/10! [Ref: ID-207]",5,2025-01-16,True,0,2026-09-14T10:00:00Z,DEMO,"Purchased the SilkTouch Ceramic Hair Straightener recently after comparing several options, it delivers flawless performance and is worth every single penny. It feels sturdy, elegant, and genuinely works as advertised. 10/10! [Ref: ID-207]","Purchased the SilkTouch Ceramic Hair Straightener recently after comparing several options, it delivers flawless performance and is worth every single penny. It feels sturdy, elegant, and genuinely works as advertised. 10/10! [Ref: ID-207]",239,33,4,1,0,0.0529,False,False,2025,1,1,Positive
DEMO-00208,ChefMaster 8-Piece Japanese Knife Set,Home and Kitchen,Demo Dataset,https://example.com/demo-review-data,Great hardware but dreadful software,"After reading mixed feedback online, I tried the ChefMaster 8-Piece Japanese Knife Set and the physical hardware is sleek, beautifully engineered, and premium. Unfortunately the companion app crashes constantly and ruins the experience. [Ref: ID-208]",3,2025-05-17,True,5,2026-09-14T10:00:00Z,DEMO,"After reading mixed feedback online, I tried the ChefMaster 8-Piece Japanese Knife Set and the physical hardware is sleek, beautifully engineered, and premium. Unfortunately the companion app crashes constantly and ruins the experience. [Ref: ID-208]","After reading mixed feedback online, I tried the ChefMaster 8-Piece Japanese Knife Set and the physical hardware is sleek, beautifully engineered, and premium. Unfortunately the companion app crashes constantly and ruins the experience. [Ref: ID-208]",250,35,3,0,0,0.0594,False,False,2025,5,2,Neutral
DEMO-00209,HydroFlow Insulated Stainless Water Bottle,Sports and Outdoors,Demo Dataset,https://example.com/demo-review-data,Good quality for the price,"Regarding this HydroFlow Insulated Stainless Water Bottle, the materials feel decent and it does its job smoothly. Delivery was fast and packaging was secure. Overall quite satisfied. [Ref: ID-209]",4,2026-01-25,True,1,2026-09-14T10:00:00Z,DEMO,"Regarding this HydroFlow Insulated Stainless Water Bottle, the materials feel decent and it does its job smoothly. Delivery was fast and packaging was secure. Overall quite satisfied. [Ref: ID-209]","Regarding this HydroFlow Insulated Stainless Water Bottle, the materials feel decent and it does its job smoothly. Delivery was fast and packaging was secure. Overall quite satisfied. [Ref: ID-209]",197,29,4,0,0,0.0759,False,False,2026,1,1,Positive
DEMO-00210,PureAir HEPA Room Air Purifier,Home and Kitchen,Demo Dataset,https://example.com/demo-review-data,Ordinary product without highlights,<div><b>Ordinary product without highlights</b>: My hands-on experience with the PureAir HEPA Room Air Purifier shows that does what it says on the box. No major competitive advantages and no catastrophic failures either. [Ref: ID-210] <br/><span>Verified buyer.</span></div>,3,2025-07-25,False,0,2026-09-14T10:00:00Z,DEMO,<div><b>Ordinary product without highlights</b>: My hands-on experience with the PureAir HEPA Room Air Purifier shows that does what it says on the box. No major competitive advantages and no catastrophic failures either. [Ref: ID-210] <br/><span>Verified buyer.</span></div>,Ordinary product without highlights : My hands-on experience with the PureAir HEPA Room Air Purifier shows that does what it says on the box. No major competitive advantages and no catastrophic failures either. [Ref: ID-210] Verified buyer.,240,37,3,0,0,0.0762,False,False,2025,7,3,Neutral
